api	total	focus_total	excluded_total	category:common_user_or_argument_error	category:generated_code_error	category:low_signal_unclassified_exception	category:no_embedded_error_signal	category:strong_backend_failure	category:strong_backend_failure_sparse_caveat	category:tool_or_environment_limit	status:crash	status:exception	status:notarget	status:valid
torch.BFloat16Storage	1345	0	1345	199	450	484	212	0	0	0	0	1011	122	212
torch.BoolStorage	653	0	653	50	134	264	205	0	0	0	0	396	52	205
torch.ByteStorage	647	0	647	58	152	224	213	0	0	0	0	388	46	213
torch.CharStorage	497	0	497	26	83	183	205	0	0	0	0	249	42	206
torch.ComplexDoubleStorage	707	0	707	56	136	313	202	0	0	0	0	471	34	202
torch.ComplexFloatStorage	794	0	794	91	181	311	211	0	0	0	0	452	131	211
torch.DoubleStorage	652	0	652	67	154	214	217	0	0	0	0	425	10	217
torch.FloatStorage	542	0	542	34	117	176	215	0	0	0	0	267	60	215
torch.Generator	1014	0	1014	132	432	236	214	0	0	0	0	730	70	214
torch.HalfStorage	768	0	768	75	223	267	203	0	0	0	0	520	45	203
torch.IntStorage	481	0	481	56	38	176	211	0	0	0	0	236	34	211
torch.LongStorage	669	0	669	96	79	288	205	0	0	1	0	408	56	205
torch.QInt32Storage	617	0	617	32	132	246	207	0	0	0	0	386	24	207
torch.QInt8Storage	617	0	617	68	109	214	226	0	0	0	0	379	12	226
torch.QUInt4x2Storage	1124	0	1124	102	236	583	203	0	0	0	0	847	74	203
torch.QUInt8Storage	200	0	200	13	75	99	13	0	0	0	0	149	38	13
torch.ShortStorage	899	0	899	155	178	357	209	0	0	0	0	637	53	209
torch.Tensor.abs	380	0	380	47	77	34	222	0	0	0	0	137	21	222
torch.Tensor.abs_	536	0	536	72	161	88	215	0	0	0	0	195	126	215
torch.Tensor.absolute	518	0	518	69	140	105	204	0	0	0	0	259	55	204
torch.Tensor.absolute_	354	0	354	48	80	24	202	0	0	0	0	122	30	202
torch.Tensor.acos	548	0	548	87	165	96	200	0	0	0	0	283	65	200
torch.Tensor.acos_	457	0	457	51	96	107	203	0	0	0	0	161	93	203
torch.Tensor.acosh	448	0	448	35	120	75	218	0	0	0	0	175	55	218
torch.Tensor.acosh_	664	0	664	139	200	124	201	0	0	0	0	395	68	201
torch.Tensor.add	275	0	275	23	26	15	211	0	0	0	0	60	4	211
torch.Tensor.add_	410	0	410	56	113	39	202	0	0	0	0	196	12	202
torch.Tensor.addbmm_	1319	0	1319	454	134	530	201	0	0	0	0	1075	43	201
torch.Tensor.addcdiv	485	0	485	112	57	114	202	0	0	0	0	254	29	202
torch.Tensor.addcdiv_	686	0	686	156	225	104	201	0	0	0	0	393	92	201
torch.Tensor.addcmul	284	0	284	40	22	12	210	0	0	0	0	70	4	210
torch.Tensor.addcmul_	1409	0	1409	654	310	242	203	0	0	0	0	1024	182	203
torch.Tensor.addmm	603	0	603	153	74	172	204	0	0	0	0	337	62	204
torch.Tensor.addmm_	839	0	839	275	256	106	202	0	0	0	0	557	80	202
torch.Tensor.addmv	484	0	484	133	65	85	201	0	0	0	0	245	38	201
torch.Tensor.addmv_	1129	0	1129	308	265	344	212	0	0	0	0	736	181	212
torch.Tensor.addr	478	0	478	111	56	110	201	0	0	0	0	242	35	201
torch.Tensor.addr_	384	0	384	67	31	80	206	0	0	0	0	150	28	206
torch.Tensor.all	419	0	419	98	68	52	201	0	0	0	0	191	27	201
torch.Tensor.allclose	815	0	815	162	298	149	206	0	0	0	0	534	75	206
torch.Tensor.amax	508	0	508	145	90	64	209	0	0	0	0	265	34	209
torch.Tensor.amin	735	0	735	195	197	139	204	0	0	0	0	421	110	204
torch.Tensor.aminmax	750	0	750	175	213	149	213	0	0	0	0	423	114	213
torch.Tensor.angle	358	0	358	21	82	32	223	0	0	0	0	103	32	223
torch.Tensor.any	461	0	461	84	113	53	211	0	0	0	0	224	26	211
torch.Tensor.apply_	936	0	936	318	266	148	204	0	0	0	0	416	316	204
torch.Tensor.arccos	439	0	439	65	66	88	220	0	0	0	0	211	8	220
torch.Tensor.arccos_	414	0	414	54	108	49	203	0	0	0	0	189	22	203
torch.Tensor.arccosh	349	0	349	56	74	129	90	0	0	0	0	245	14	90
torch.Tensor.arccosh_	513	0	513	160	105	47	201	0	0	0	0	265	47	201
torch.Tensor.arcsin	480	0	480	62	154	47	217	0	0	0	0	208	55	217
torch.Tensor.arcsin_	568	0	568	92	134	135	207	0	0	0	0	246	115	207
torch.Tensor.arcsinh	500	0	500	38	68	184	210	0	0	0	0	137	153	210
torch.Tensor.arcsinh_	603	0	603	133	114	146	210	0	0	0	0	268	125	210
torch.Tensor.arctan	469	0	469	77	136	52	204	0	0	0	0	246	19	204
torch.Tensor.arctan_	507	0	507	71	122	99	215	0	0	0	0	226	66	215
torch.Tensor.arctanh	408	0	408	37	72	75	224	0	0	0	0	131	53	224
torch.Tensor.arctanh_	453	0	453	48	141	58	206	0	0	0	0	207	40	206
torch.Tensor.argmax	345	0	345	45	57	41	202	0	0	0	0	121	22	202
torch.Tensor.argmin	612	0	612	71	131	199	211	0	0	0	0	364	37	211
torch.Tensor.argsort	415	0	415	65	57	90	203	0	0	0	0	168	44	203
torch.Tensor.as_strided	594	0	594	132	169	83	210	0	0	0	0	335	49	210
torch.Tensor.as_subclass	785	0	785	89	405	89	202	0	0	0	0	523	60	202
torch.Tensor.asin	395	0	395	50	77	41	227	0	0	0	0	150	18	227
torch.Tensor.asin_	532	0	532	114	113	104	201	0	0	0	0	240	91	201
torch.Tensor.asinh	273	0	273	14	34	23	202	0	0	0	0	61	10	202
torch.Tensor.asinh_	323	0	323	22	57	31	213	0	0	0	0	80	30	213
torch.Tensor.atan	405	0	405	51	110	44	200	0	0	0	0	163	42	200
torch.Tensor.atan2	415	0	415	53	84	74	204	0	0	0	0	172	39	204
torch.Tensor.atan2_	296	0	296	33	33	27	203	0	0	0	0	83	10	203
torch.Tensor.atan_	749	0	749	192	156	193	208	0	0	0	0	343	198	208
torch.Tensor.atanh	608	0	608	100	223	83	202	0	0	0	0	325	81	202
torch.Tensor.atanh_	693	0	693	77	121	285	210	0	0	0	0	435	48	210
torch.Tensor.baddbmm_	651	0	651	330	50	70	201	0	0	0	0	413	37	201
torch.Tensor.bernoulli	584	0	584	103	223	54	204	0	0	0	0	342	38	204
torch.Tensor.bernoulli_	683	0	683	147	202	133	201	0	0	0	0	379	103	201
torch.Tensor.bfloat16	428	0	428	94	56	59	219	0	0	0	0	162	47	219
torch.Tensor.bincount	665	0	665	235	128	101	201	0	0	0	0	428	36	201
torch.Tensor.bitwise_and	521	0	521	102	157	50	212	0	0	0	0	265	44	212
torch.Tensor.bitwise_and_	736	0	736	180	79	277	200	0	0	0	0	504	32	200
torch.Tensor.bitwise_left_shift	344	0	344	57	42	42	203	0	0	0	0	109	32	203
torch.Tensor.bitwise_left_shift_	707	0	707	192	201	113	201	0	0	0	0	417	89	201
torch.Tensor.bitwise_not	466	0	466	81	122	60	203	0	0	0	0	236	27	203
torch.Tensor.bitwise_not_	813	0	813	249	283	79	202	0	0	0	0	530	81	202
torch.Tensor.bitwise_or	302	0	302	59	85	67	91	0	0	0	0	186	25	91
torch.Tensor.bitwise_or_	383	0	383	52	81	29	221	0	0	0	0	155	7	221
torch.Tensor.bitwise_right_shift	531	0	531	109	128	91	203	0	0	0	0	281	47	203
torch.Tensor.bitwise_right_shift_	959	0	959	274	143	342	200	0	0	0	0	698	61	200
torch.Tensor.bitwise_xor	768	0	768	242	212	108	206	0	0	0	0	499	63	206
torch.Tensor.bitwise_xor_	834	0	834	277	229	127	201	0	0	0	0	569	64	201
torch.Tensor.bmm	526	0	526	170	31	118	207	0	0	0	0	294	25	207
torch.Tensor.bool	388	0	388	89	22	71	206	0	0	0	0	162	20	206
torch.Tensor.broadcast_to	649	0	649	139	161	130	219	0	0	0	0	391	39	219
torch.Tensor.byte	369	0	369	53	51	41	224	0	0	0	0	122	23	224
torch.Tensor.cauchy_	452	0	452	123	62	66	201	0	0	0	0	188	63	201
torch.Tensor.ceil	320	0	320	32	60	25	203	0	0	0	0	98	19	203
torch.Tensor.ceil_	646	0	646	150	235	61	200	0	0	0	0	387	59	200
torch.Tensor.char	593	0	593	98	245	39	211	0	0	0	0	332	50	211
torch.Tensor.cholesky	470	0	470	73	98	89	210	0	0	0	0	222	38	210
torch.Tensor.cholesky_inverse	645	0	645	157	128	144	216	0	0	0	0	399	30	216
torch.Tensor.cholesky_solve	942	0	942	238	267	237	200	0	0	0	0	723	19	200
torch.Tensor.chunk	911	0	911	100	444	166	201	0	0	0	0	673	37	201
torch.Tensor.clamp_	541	0	541	76	183	79	203	0	0	0	0	295	43	203
torch.Tensor.clip	368	0	368	74	37	41	216	0	0	0	0	148	4	216
torch.Tensor.clip_	379	0	379	62	80	30	207	0	0	0	0	156	16	207
torch.Tensor.clone	403	0	403	33	74	86	210	0	0	0	0	181	12	210
torch.Tensor.conj	422	0	422	65	82	71	204	0	0	0	0	202	16	204
torch.Tensor.conj_physical	629	0	629	127	204	86	212	0	0	0	0	361	56	212
torch.Tensor.conj_physical_	614	0	614	113	157	135	209	0	0	0	0	269	136	209
torch.Tensor.contiguous	686	0	686	139	239	96	212	0	0	0	0	421	53	212
torch.Tensor.copy_	452	0	452	90	74	84	204	0	0	0	0	206	42	204
torch.Tensor.copysign	331	0	331	60	35	34	202	0	0	0	0	121	8	202
torch.Tensor.copysign_	16	0	16	1	3	3	9	0	0	0	0	4	3	9
torch.Tensor.corrcoef	644	0	644	143	198	102	201	0	0	0	0	325	118	201
torch.Tensor.cos	496	0	496	57	108	128	203	0	0	0	0	171	122	203
torch.Tensor.cos_	907	0	907	122	483	99	203	0	0	0	0	597	107	203
torch.Tensor.cosh	377	0	377	54	57	66	200	0	0	0	0	144	33	200
torch.Tensor.cosh_	630	0	630	141	218	70	201	0	0	0	0	380	49	201
torch.Tensor.count_nonzero	632	0	632	155	207	60	210	0	0	0	0	365	57	210
torch.Tensor.cov	655	0	655	188	196	71	200	0	0	0	0	378	77	200
torch.Tensor.cpu	594	0	594	79	183	129	203	0	0	0	0	266	125	203
torch.Tensor.cross	296	0	296	41	34	16	205	0	0	0	0	88	3	205
torch.Tensor.cummax	472	0	472	90	120	58	203	0	0	1	0	232	37	203
torch.Tensor.cummin	664	0	664	195	177	86	206	0	0	0	0	349	109	206
torch.Tensor.cumprod	803	0	803	253	213	136	201	0	0	0	0	519	83	201
torch.Tensor.cumprod_	1196	0	1196	448	371	176	201	0	0	0	0	827	168	201
torch.Tensor.cumsum_	634	0	634	148	214	103	169	0	0	0	0	395	70	169
torch.Tensor.data_ptr	484	0	484	76	91	122	194	0	0	1	0	229	61	194
torch.Tensor.deg2rad	392	0	392	48	105	39	200	0	0	0	0	154	38	200
torch.Tensor.dense_dim	572	0	572	122	171	71	208	0	0	0	0	304	60	208
torch.Tensor.dequantize	698	0	698	86	210	198	204	0	0	0	0	470	24	204
torch.Tensor.det	1366	0	1366	483	264	418	201	0	0	0	0	893	272	201
torch.Tensor.detach	648	0	648	50	188	207	203	0	0	0	0	433	12	203
torch.Tensor.detach_	405	0	405	72	73	58	202	0	0	0	0	168	35	202
torch.Tensor.diag	555	0	555	123	101	128	203	0	0	0	0	295	57	203
torch.Tensor.diag_embed	518	0	518	96	138	84	200	0	0	0	0	267	51	200
torch.Tensor.diagflat	376	0	376	85	65	21	205	0	0	0	0	158	13	205
torch.Tensor.diagonal	672	0	672	199	223	86	164	0	0	0	0	486	22	164
torch.Tensor.diff	827	0	827	289	209	124	205	0	0	0	0	509	113	205
torch.Tensor.digamma	596	0	596	113	198	85	200	0	0	0	0	350	46	200
torch.Tensor.digamma_	363	0	363	65	123	51	124	0	0	0	0	185	54	124
torch.Tensor.dim	621	0	621	78	222	120	200	0	0	1	0	364	57	200
torch.Tensor.dist	826	0	826	313	172	140	201	0	0	0	0	518	107	201
torch.Tensor.div	461	0	461	122	96	41	202	0	0	0	0	237	22	202
torch.Tensor.div_	372	0	372	68	46	29	229	0	0	0	0	123	20	229
torch.Tensor.divide	691	0	691	170	230	82	209	0	0	0	0	411	71	209
torch.Tensor.divide_	1023	0	1023	304	366	145	208	0	0	0	0	659	156	208
torch.Tensor.dot	866	0	866	173	118	358	217	0	0	0	0	580	69	217
torch.Tensor.double	441	0	441	66	20	151	204	0	0	0	0	228	9	204
torch.Tensor.dsplit	715	0	715	160	203	140	212	0	0	0	0	412	91	212
torch.Tensor.element_size	646	0	646	200	171	74	201	0	0	0	0	383	62	201
torch.Tensor.eq	445	0	445	90	97	51	207	0	0	0	0	211	27	207
torch.Tensor.eq_	411	0	411	42	87	73	209	0	0	0	0	182	20	209
torch.Tensor.equal	866	0	866	155	377	123	211	0	0	0	0	564	91	211
torch.Tensor.erf	394	0	394	50	81	56	207	0	0	0	0	155	32	207
torch.Tensor.erf_	430	0	430	92	68	53	217	0	0	0	0	170	43	217
torch.Tensor.erfc	418	0	418	53	84	57	224	0	0	0	0	167	27	224
torch.Tensor.erfc_	344	0	344	40	45	33	226	0	0	0	0	97	21	226
torch.Tensor.erfinv	496	0	496	99	125	72	200	0	0	0	0	234	62	200
torch.Tensor.erfinv_	375	0	375	38	96	33	208	0	0	0	0	149	18	208
torch.Tensor.exp	418	0	418	46	116	49	207	0	0	0	0	195	16	207
torch.Tensor.exp_	485	0	485	58	133	79	215	0	0	0	0	177	93	215
torch.Tensor.expm1	470	0	470	73	118	78	201	0	0	0	0	229	40	201
torch.Tensor.expm1_	472	0	472	82	131	57	202	0	0	0	0	203	67	202
torch.Tensor.exponential_	788	0	788	204	242	140	202	0	0	0	0	507	79	202
torch.Tensor.fill_	1172	0	1172	571	164	237	200	0	0	0	0	805	167	200
torch.Tensor.fill_diagonal_	526	0	526	49	174	87	216	0	0	0	0	250	60	216
torch.Tensor.fix	483	0	483	103	113	63	204	0	0	0	0	230	49	204
torch.Tensor.fix_	638	0	638	135	150	153	200	0	0	0	0	269	169	200
torch.Tensor.flip	788	0	788	202	297	89	200	0	0	0	0	482	106	200
torch.Tensor.fliplr	603	0	603	174	131	87	211	0	0	0	0	295	97	211
torch.Tensor.flipud	592	0	592	122	130	126	214	0	0	0	0	351	27	214
torch.Tensor.float	607	0	607	157	113	131	206	0	0	0	0	373	28	206
torch.Tensor.float_power	512	0	512	126	117	62	207	0	0	0	0	281	24	207
torch.Tensor.floor	487	0	487	78	121	83	205	0	0	0	0	205	77	205
torch.Tensor.floor_	493	0	493	111	117	40	225	0	0	0	0	207	61	225
torch.Tensor.floor_divide	452	0	452	93	107	51	201	0	0	0	0	232	19	201
torch.Tensor.floor_divide_	118	0	118	23	24	9	62	0	0	0	0	52	4	62
torch.Tensor.fmin	1096	0	1096	447	278	163	208	0	0	0	0	694	194	208
torch.Tensor.fmod_	747	0	747	174	212	161	200	0	0	0	0	385	162	200
torch.Tensor.frac	462	0	462	84	104	72	202	0	0	0	0	204	56	202
torch.Tensor.frac_	589	0	589	110	189	85	205	0	0	0	0	307	77	205
torch.Tensor.frexp	739	0	739	209	188	142	200	0	0	0	0	424	115	200
torch.Tensor.gather	665	0	665	168	89	177	231	0	0	0	0	383	51	231
torch.Tensor.gcd	670	0	670	168	135	155	212	0	0	0	0	418	40	212
torch.Tensor.gcd_	739	0	739	203	158	174	204	0	0	0	0	417	118	204
torch.Tensor.ge	697	0	697	200	161	134	202	0	0	0	0	384	111	202
torch.Tensor.ge_	694	0	694	108	281	96	209	0	0	0	0	393	92	209
torch.Tensor.geometric_	455	0	455	87	108	60	200	0	0	0	0	233	22	200
torch.Tensor.ger	520	0	520	180	100	38	202	0	0	0	0	287	31	202
torch.Tensor.get_device	573	0	573	107	160	92	214	0	0	0	0	268	91	214
torch.Tensor.greater	546	0	546	109	156	81	200	0	0	0	0	289	57	200
torch.Tensor.greater_	566	0	566	106	208	52	200	0	0	0	0	310	56	200
torch.Tensor.greater_equal	343	0	343	61	33	42	207	0	0	0	0	125	11	207
torch.Tensor.greater_equal_	812	0	812	210	240	155	207	0	0	0	0	427	178	207
torch.Tensor.gt	443	0	443	55	87	82	219	0	0	0	0	178	46	219
torch.Tensor.gt_	771	0	771	279	154	136	202	0	0	0	0	479	90	202
torch.Tensor.half	454	0	454	79	104	54	217	0	0	0	0	224	13	217
torch.Tensor.hardshrink	503	0	503	115	126	58	204	0	0	0	0	284	15	204
torch.Tensor.heaviside	1149	0	1149	473	327	148	201	0	0	0	0	785	163	201
torch.Tensor.histc	771	0	771	216	289	66	200	0	0	0	0	541	30	200
torch.Tensor.histogram	433	0	433	82	60	71	220	0	0	0	0	184	29	220
torch.Tensor.hsplit	850	0	850	90	347	202	211	0	0	0	0	583	56	211
torch.Tensor.hypot	712	0	712	322	63	125	202	0	0	0	0	455	55	202
torch.Tensor.hypot_	699	0	699	280	83	122	214	0	0	0	0	394	91	214
torch.Tensor.i0	565	0	565	124	153	80	208	0	0	0	0	276	81	208
torch.Tensor.i0_	476	0	476	38	167	63	208	0	0	0	0	234	34	208
torch.Tensor.igamma	400	0	400	80	64	48	208	0	0	0	0	152	40	208
torch.Tensor.igamma_	491	0	491	90	83	116	202	0	0	0	0	192	97	202
torch.Tensor.igammac	431	0	431	111	86	22	212	0	0	0	0	202	17	212
torch.Tensor.igammac_	521	0	521	123	114	77	207	0	0	0	0	282	32	207
torch.Tensor.index_add	1529	0	1529	511	383	430	205	0	0	0	0	1120	204	205
torch.Tensor.index_copy	3719	0	3719	1460	1028	1028	202	0	0	1	0	2317	1200	202
torch.Tensor.index_copy_	2309	0	2309	724	771	614	200	0	0	0	0	1364	745	200
torch.Tensor.index_fill	866	0	866	242	195	221	208	0	0	0	0	624	34	208
torch.Tensor.index_fill_	798	0	798	264	224	110	200	0	0	0	0	538	60	200
torch.Tensor.index_put_	1674	0	1674	347	547	576	204	0	0	0	0	1085	385	204
torch.Tensor.index_select	676	0	676	140	204	128	204	0	0	0	0	412	60	204
torch.Tensor.inner	434	0	434	77	52	95	210	0	0	0	0	206	18	210
torch.Tensor.int	471	0	471	34	117	119	201	0	0	0	0	208	59	204
torch.Tensor.inverse	573	0	573	127	116	116	214	0	0	0	0	279	80	214
torch.Tensor.is_complex	464	0	464	68	138	50	208	0	0	0	0	241	15	208
torch.Tensor.is_conj	723	0	723	148	180	192	203	0	0	0	0	391	129	203
torch.Tensor.is_contiguous	890	0	890	91	441	156	202	0	0	0	0	616	72	202
torch.Tensor.is_floating_point	477	0	477	52	52	169	204	0	0	0	0	244	28	205
torch.Tensor.is_inference	363	0	363	16	79	59	209	0	0	0	0	100	54	209
torch.Tensor.is_pinned	452	0	452	33	113	105	201	0	0	0	0	238	13	201
torch.Tensor.is_set_to	704	0	704	150	264	85	204	0	0	1	0	404	96	204
torch.Tensor.is_shared	541	0	541	63	187	91	200	0	0	0	0	301	40	200
torch.Tensor.is_signed	414	0	414	74	73	52	215	0	0	0	0	154	45	215
torch.Tensor.isclose	653	0	653	177	177	94	205	0	0	0	0	388	60	205
torch.Tensor.isfinite	511	0	511	57	145	106	203	0	0	0	0	256	52	203
torch.Tensor.isinf	533	0	533	84	114	133	202	0	0	0	0	291	40	202
torch.Tensor.isnan	307	0	307	23	53	21	210	0	0	0	0	75	22	210
torch.Tensor.isneginf	565	0	565	115	133	110	207	0	0	0	0	286	72	207
torch.Tensor.isposinf	335	0	335	14	27	74	220	0	0	0	0	90	25	220
torch.Tensor.isreal	484	0	484	65	132	73	214	0	0	0	0	215	55	214
torch.Tensor.item	1044	0	1044	129	446	265	201	0	0	3	0	619	224	201
torch.Tensor.kthvalue	775	0	775	198	259	100	218	0	0	0	0	533	24	218
torch.Tensor.lcm	691	0	691	187	191	110	203	0	0	0	0	446	42	203
torch.Tensor.lcm_	923	0	923	348	172	202	201	0	0	0	0	657	65	201
torch.Tensor.ldexp	553	0	553	205	88	58	202	0	0	0	0	324	27	202
torch.Tensor.ldexp_	757	0	757	268	157	131	201	0	0	0	0	449	107	201
torch.Tensor.le	431	0	431	87	85	52	207	0	0	0	0	188	36	207
torch.Tensor.le_	475	0	475	80	127	66	202	0	0	0	0	252	21	202
torch.Tensor.lerp	827	0	827	151	86	390	200	0	0	0	0	597	30	200
torch.Tensor.lerp_	751	0	751	192	238	101	220	0	0	0	0	475	56	220
torch.Tensor.less	464	0	464	105	85	74	200	0	0	0	0	249	15	200
torch.Tensor.less_	562	0	562	133	130	89	210	0	0	0	0	306	46	210
torch.Tensor.less_equal	487	0	487	98	105	71	213	0	0	0	0	204	70	213
torch.Tensor.less_equal_	732	0	732	179	141	210	202	0	0	0	0	354	176	202
torch.Tensor.lgamma	669	0	669	177	175	109	208	0	0	0	0	369	92	208
torch.Tensor.lgamma_	637	0	637	87	98	244	208	0	0	0	0	415	14	208
torch.Tensor.log	528	0	528	80	128	116	204	0	0	0	0	283	41	204
torch.Tensor.log10	466	0	466	53	119	85	209	0	0	0	0	213	44	209
torch.Tensor.log10_	665	0	665	137	227	101	200	0	0	0	0	371	94	200
torch.Tensor.log1p	543	0	543	90	145	101	207	0	0	0	0	296	40	207
torch.Tensor.log1p_	415	0	415	68	85	33	229	0	0	0	0	130	56	229
torch.Tensor.log2	358	0	358	56	68	34	200	0	0	0	0	124	34	200
torch.Tensor.log2_	425	0	425	75	74	74	202	0	0	0	0	150	73	202
torch.Tensor.log_	529	0	529	71	108	143	207	0	0	0	0	228	94	207
torch.Tensor.log_normal_	746	0	746	250	165	122	208	0	0	1	0	465	73	208
torch.Tensor.logaddexp	457	0	457	93	96	53	215	0	0	0	0	215	27	215
torch.Tensor.logaddexp2	965	0	965	212	245	301	207	0	0	0	0	699	59	207
torch.Tensor.logcumsumexp	551	0	551	158	109	60	224	0	0	0	0	283	44	224
torch.Tensor.logdet	666	0	666	152	148	161	205	0	0	0	0	389	72	205
torch.Tensor.logical_and	782	0	782	103	283	186	210	0	0	0	0	521	51	210
torch.Tensor.logical_and_	662	0	662	149	137	166	210	0	0	0	0	287	165	210
torch.Tensor.logical_not	892	0	892	67	157	464	204	0	0	0	0	656	32	204
torch.Tensor.logical_not_	243	0	243	49	86	54	54	0	0	0	0	108	81	54
torch.Tensor.logical_or	701	0	701	125	258	113	205	0	0	0	0	392	104	205
torch.Tensor.logical_or_	663	0	663	151	199	113	200	0	0	0	0	360	103	200
torch.Tensor.logical_xor	702	0	702	77	221	204	200	0	0	0	0	455	47	200
torch.Tensor.logical_xor_	491	0	491	94	153	43	201	0	0	0	0	261	29	201
torch.Tensor.logit	551	0	551	55	209	84	203	0	0	0	0	302	46	203
torch.Tensor.logit_	485	0	485	42	87	119	237	0	0	0	0	212	36	237
torch.Tensor.logsumexp	725	0	725	221	213	91	200	0	0	0	0	467	58	200
torch.Tensor.long	334	0	334	43	30	39	222	0	0	0	0	94	18	222
torch.Tensor.lt	434	0	434	96	88	38	212	0	0	0	0	204	18	212
torch.Tensor.lt_	412	0	412	47	79	79	207	0	0	0	0	163	42	207
torch.Tensor.lu	839	0	839	312	215	107	205	0	0	0	0	572	62	205
torch.Tensor.lu_solve	534	0	534	119	108	96	211	0	0	0	0	295	28	211
torch.Tensor.map_	636	0	636	117	161	133	225	0	0	0	0	353	58	225
torch.Tensor.masked_fill	529	0	529	85	78	162	204	0	0	0	0	298	27	204
torch.Tensor.masked_fill_	399	0	399	63	40	95	201	0	0	0	0	155	43	201
torch.Tensor.masked_scatter	315	0	315	144	52	76	43	0	0	0	0	221	51	43
torch.Tensor.masked_select	467	0	467	92	87	70	218	0	0	0	0	231	18	218
torch.Tensor.matmul	650	0	650	85	169	193	203	0	0	0	0	429	18	203
torch.Tensor.matrix_exp	475	0	475	77	132	57	209	0	0	0	0	213	53	209
torch.Tensor.matrix_power	447	0	447	115	76	46	210	0	0	0	0	199	38	210
torch.Tensor.max	451	0	451	71	114	63	203	0	0	0	0	204	44	203
torch.Tensor.maximum	385	0	385	71	58	35	221	0	0	0	0	124	40	221
torch.Tensor.mean	337	0	337	21	83	24	209	0	0	0	0	116	12	209
torch.Tensor.median	538	0	538	158	89	74	217	0	0	0	0	306	15	217
torch.Tensor.min	628	0	628	157	170	93	208	0	0	0	0	344	76	208
torch.Tensor.minimum	463	0	463	123	92	40	208	0	0	0	0	201	54	208
torch.Tensor.mm	763	0	763	176	173	208	206	0	0	0	0	488	69	206
torch.Tensor.mode	599	0	599	126	146	127	200	0	0	0	0	343	56	200
torch.Tensor.moveaxis	236	0	236	47	77	19	93	0	0	0	0	132	11	93
torch.Tensor.movedim	369	0	369	71	56	28	214	0	0	0	0	141	14	214
torch.Tensor.msort	599	0	599	160	171	57	211	0	0	0	0	335	53	211
torch.Tensor.mul	324	0	324	61	34	20	209	0	0	0	0	104	10	210
torch.Tensor.mul_	497	0	497	67	122	76	232	0	0	0	0	238	27	232
torch.Tensor.multinomial	1288	0	1288	343	310	433	202	0	0	0	0	1019	67	202
torch.Tensor.multiply	323	0	323	30	42	33	218	0	0	0	0	103	2	218
torch.Tensor.multiply_	590	0	590	177	140	68	205	0	0	0	0	348	37	205
torch.Tensor.mv	558	0	558	138	98	118	204	0	0	0	0	303	51	204
torch.Tensor.mvlgamma_	516	0	516	114	149	50	203	0	0	0	0	263	50	203
torch.Tensor.nan_to_num	713	0	713	172	181	153	207	0	0	0	0	459	47	207
torch.Tensor.nan_to_num_	404	0	404	67	81	47	209	0	0	0	0	178	17	209
torch.Tensor.nanmean	539	0	539	96	126	111	206	0	0	0	0	314	19	206
torch.Tensor.nanmedian	528	0	528	90	130	102	206	0	0	0	0	289	33	206
torch.Tensor.nanquantile	369	0	369	39	87	38	205	0	0	0	0	125	39	205
torch.Tensor.nansum	414	0	414	30	112	63	209	0	0	0	0	198	7	209
torch.Tensor.narrow	419	0	419	94	40	79	205	0	0	1	0	202	12	205
torch.Tensor.narrow_copy	817	0	817	203	161	231	222	0	0	0	0	547	48	222
torch.Tensor.ndimension	582	0	582	95	177	98	212	0	0	0	0	342	28	212
torch.Tensor.ne	923	0	923	263	228	231	201	0	0	0	0	608	114	201
torch.Tensor.ne_	941	0	941	272	238	220	206	0	0	5	0	401	334	206
torch.Tensor.neg	539	0	539	110	126	85	218	0	0	0	0	233	88	218
torch.Tensor.neg_	677	0	677	142	187	138	210	0	0	0	0	325	142	210
torch.Tensor.negative	341	0	341	37	74	30	200	0	0	0	0	138	3	200
torch.Tensor.negative_	667	0	667	201	108	151	207	0	0	0	0	416	44	207
torch.Tensor.nelement	370	0	370	35	35	91	209	0	0	0	0	139	22	209
torch.Tensor.new_empty	494	0	494	122	89	79	204	0	0	0	0	268	22	204
torch.Tensor.new_full	850	0	850	92	257	299	202	0	0	0	0	630	18	202
torch.Tensor.new_ones	618	0	618	125	165	113	215	0	0	0	0	375	28	215
torch.Tensor.new_tensor	774	0	774	252	165	148	209	0	0	0	0	438	127	209
torch.Tensor.new_zeros	612	0	612	214	80	110	208	0	0	0	0	369	35	208
torch.Tensor.nextafter	592	0	592	118	75	183	216	0	0	0	0	338	38	216
torch.Tensor.nextafter_	582	0	582	168	121	89	204	0	0	0	0	310	68	204
torch.Tensor.nonzero	559	0	559	112	109	127	211	0	0	0	0	302	46	211
torch.Tensor.norm	644	0	644	155	204	84	201	0	0	0	0	421	22	201
torch.Tensor.normal_	782	0	782	178	199	204	201	0	0	0	0	514	67	201
torch.Tensor.not_equal	408	0	408	80	79	42	207	0	0	0	0	183	18	207
torch.Tensor.not_equal_	928	0	928	187	208	332	201	0	0	0	0	679	48	201
torch.Tensor.numel	719	0	719	78	270	170	201	0	0	0	0	328	190	201
torch.Tensor.orgqr	1048	0	1048	492	170	174	212	0	0	0	0	779	57	212
torch.Tensor.outer	679	0	679	211	191	75	202	0	0	0	0	431	46	202
torch.Tensor.permute	876	0	876	164	297	209	206	0	0	0	0	616	54	206
torch.Tensor.pin_memory	536	0	536	66	169	101	200	0	0	0	0	258	78	200
torch.Tensor.pinverse	424	0	424	97	83	43	201	0	0	0	0	208	15	201
torch.Tensor.polygamma	344	0	344	27	72	15	230	0	0	0	0	104	10	230
torch.Tensor.polygamma_	933	0	933	269	314	143	206	0	0	1	0	607	120	206
torch.Tensor.positive	496	0	496	76	92	125	203	0	0	0	0	266	27	203
torch.Tensor.pow	651	0	651	196	192	56	207	0	0	0	0	435	9	207
torch.Tensor.pow_	838	0	838	265	175	190	208	0	0	0	0	504	126	208
torch.Tensor.prod	458	0	458	79	111	59	209	0	0	0	0	225	24	209
torch.Tensor.put_	556	0	556	115	63	177	201	0	0	0	0	344	11	201
torch.Tensor.qr	1016	0	1016	279	347	190	200	0	0	0	0	673	143	200
torch.Tensor.quantile	408	0	408	65	84	35	224	0	0	0	0	159	25	224
torch.Tensor.rad2deg	501	0	501	80	169	51	201	0	0	0	0	275	25	201
torch.Tensor.random_	480	0	480	76	95	86	223	0	0	0	0	221	36	223
torch.Tensor.ravel	614	0	614	91	112	206	205	0	0	0	0	382	27	205
torch.Tensor.reciprocal	557	0	557	83	194	64	216	0	0	0	0	286	55	216
torch.Tensor.reciprocal_	476	0	476	49	146	78	203	0	0	0	0	217	56	203
torch.Tensor.remainder	402	0	402	35	40	121	206	0	0	0	0	190	6	206
torch.Tensor.remainder_	607	0	607	150	164	91	202	0	0	0	0	330	75	202
torch.Tensor.renorm	369	0	369	57	69	30	213	0	0	0	0	144	12	213
torch.Tensor.renorm_	825	0	825	163	355	103	204	0	0	0	0	521	100	204
torch.Tensor.repeat	561	0	561	145	104	112	200	0	0	0	0	320	41	200
torch.Tensor.repeat_interleave	512	0	512	100	119	83	210	0	0	0	0	265	37	210
torch.Tensor.requires_grad_	308	0	308	36	101	67	104	0	0	0	0	176	28	104
torch.Tensor.reshape_as	1116	0	1116	466	270	179	201	0	0	0	0	731	184	201
torch.Tensor.resize_	490	0	490	69	158	61	202	0	0	0	0	250	38	202
torch.Tensor.resize_as_	584	0	584	120	195	69	200	0	0	0	0	322	62	200
torch.Tensor.resolve_conj	553	0	553	114	157	72	210	0	0	0	0	288	55	210
torch.Tensor.resolve_neg	491	0	491	56	146	81	208	0	0	0	0	234	49	208
torch.Tensor.retain_grad	873	0	873	232	176	251	214	0	0	0	0	415	244	214
torch.Tensor.roll	665	0	665	118	131	213	203	0	0	0	0	426	36	203
torch.Tensor.rot90	1164	0	1164	290	542	131	201	0	0	0	0	889	74	201
torch.Tensor.round	364	0	364	75	42	24	223	0	0	0	0	130	11	223
torch.Tensor.round_	569	0	569	203	122	41	203	0	0	0	0	298	68	203
torch.Tensor.rsqrt	464	0	464	60	139	46	219	0	0	0	0	203	42	219
torch.Tensor.rsqrt_	506	0	506	103	85	133	185	0	0	0	0	195	126	185
torch.Tensor.scatter	890	0	890	243	117	330	200	0	0	0	0	606	84	200
torch.Tensor.scatter_	1504	0	1504	378	362	547	217	0	0	0	0	1040	247	217
torch.Tensor.scatter_add	767	0	767	197	155	208	207	0	0	0	0	479	81	207
torch.Tensor.scatter_add_	450	0	450	128	41	81	200	0	0	0	0	214	36	200
torch.Tensor.select	611	0	611	227	96	85	203	0	0	0	0	328	80	203
torch.Tensor.sgn	828	0	828	97	138	378	215	0	0	0	0	528	85	215
torch.Tensor.sgn_	424	0	424	48	112	53	211	0	0	0	0	172	41	211
torch.Tensor.share_memory_	683	0	683	130	262	80	211	0	0	0	0	408	64	211
torch.Tensor.short	471	0	471	138	65	57	211	0	0	0	0	218	42	211
torch.Tensor.sigmoid	463	0	463	95	82	84	202	0	0	0	0	219	42	202
torch.Tensor.sigmoid_	334	0	334	33	57	37	207	0	0	0	0	89	38	207
torch.Tensor.sign	518	0	518	85	111	108	214	0	0	0	0	261	43	214
torch.Tensor.sign_	361	0	361	25	96	14	226	0	0	0	0	95	40	226
torch.Tensor.signbit	379	0	379	51	82	36	210	0	0	0	0	143	26	210
torch.Tensor.sin	490	0	490	98	99	83	210	0	0	0	0	226	54	210
torch.Tensor.sin_	728	0	728	117	259	152	200	0	0	0	0	396	132	200
torch.Tensor.sinc	487	0	487	81	136	57	213	0	0	0	0	232	42	213
torch.Tensor.sinc_	651	0	651	117	174	154	206	0	0	0	0	273	172	206
torch.Tensor.sinh	453	0	453	70	110	72	201	0	0	0	0	201	51	201
torch.Tensor.sinh_	592	0	592	112	157	119	204	0	0	0	0	272	116	204
torch.Tensor.size	799	0	799	162	313	121	203	0	0	0	0	551	45	203
torch.Tensor.slogdet	715	0	715	216	153	141	205	0	0	0	0	406	104	205
torch.Tensor.sort	476	0	476	94	98	79	205	0	0	0	0	249	22	205
torch.Tensor.sparse_dim	791	0	791	214	232	145	200	0	0	0	0	503	88	200
torch.Tensor.split	712	0	712	145	239	128	200	0	0	0	0	493	19	200
torch.Tensor.sqrt	609	0	609	106	189	104	210	0	0	0	0	358	41	210
torch.Tensor.sqrt_	426	0	426	87	76	63	200	0	0	0	0	169	57	200
torch.Tensor.square	497	0	497	95	149	42	211	0	0	0	0	247	39	211
torch.Tensor.square_	487	0	487	62	116	77	232	0	0	0	0	203	52	232
torch.Tensor.squeeze	517	0	517	98	143	75	201	0	0	0	0	300	16	201
torch.Tensor.squeeze_	589	0	589	84	197	93	215	0	0	0	0	292	82	215
torch.Tensor.std	713	0	713	132	293	74	214	0	0	0	0	439	60	214
torch.Tensor.stft	71	0	71	4	21	43	3	0	0	0	0	33	35	3
torch.Tensor.storage	498	0	498	115	71	109	203	0	0	0	0	286	9	203
torch.Tensor.storage_offset	668	0	668	154	217	95	202	0	0	0	0	416	48	204
torch.Tensor.storage_type	655	0	655	129	169	151	206	0	0	0	0	342	107	206
torch.Tensor.stride	772	0	772	198	276	87	211	0	0	0	0	524	37	211
torch.Tensor.sub	367	0	367	77	27	60	203	0	0	0	0	156	8	203
torch.Tensor.sub_	583	0	583	95	183	104	200	0	0	1	0	301	82	200
torch.Tensor.subtract	294	0	294	23	27	44	200	0	0	0	0	71	23	200
torch.Tensor.subtract_	409	0	409	67	78	53	211	0	0	0	0	123	75	211
torch.Tensor.sum	416	0	416	39	89	78	210	0	0	0	0	181	25	210
torch.Tensor.sum_to_size	504	0	504	126	50	125	203	0	0	0	0	256	45	203
torch.Tensor.svd	642	0	642	87	242	90	223	0	0	0	0	357	62	223
torch.Tensor.swapaxes	589	0	589	253	77	52	207	0	0	0	0	334	48	207
torch.Tensor.swapdims	469	0	469	112	66	87	204	0	0	0	0	207	58	204
torch.Tensor.t	478	0	478	86	92	97	203	0	0	0	0	262	13	203
torch.Tensor.t_	495	0	495	76	118	97	204	0	0	0	0	241	50	204
torch.Tensor.take	717	0	717	190	236	89	202	0	0	0	0	471	44	202
torch.Tensor.take_along_dim	1113	0	1113	288	425	193	207	0	0	0	0	727	179	207
torch.Tensor.tan	329	0	329	23	57	49	200	0	0	0	0	97	32	200
torch.Tensor.tan_	543	0	543	80	130	129	204	0	0	0	0	227	112	204
torch.Tensor.tanh	401	0	401	54	66	64	217	0	0	0	0	146	38	217
torch.Tensor.tanh_	558	0	558	90	128	134	206	0	0	0	0	294	58	206
torch.Tensor.tensor_split	679	0	679	178	181	115	205	0	0	0	0	414	60	205
torch.Tensor.tile	577	0	577	126	181	70	200	0	0	0	0	362	15	200
torch.Tensor.to_mkldnn	1286	0	1286	283	560	231	212	0	0	0	0	910	164	212
torch.Tensor.to_sparse	838	0	838	157	265	209	207	0	0	0	0	571	60	207
torch.Tensor.tolist	581	0	581	47	188	144	202	0	0	0	0	333	46	202
torch.Tensor.topk	547	0	547	83	142	121	201	0	0	0	0	329	17	201
torch.Tensor.trace	802	0	802	260	163	174	205	0	0	0	0	560	37	205
torch.Tensor.transpose	481	0	481	97	95	89	200	0	0	0	0	276	5	200
torch.Tensor.transpose_	606	0	606	157	100	131	218	0	0	0	0	295	93	218
torch.Tensor.triangular_solve	857	0	857	282	199	175	201	0	0	0	0	567	89	201
torch.Tensor.tril	553	0	553	86	108	156	203	0	0	0	0	343	7	203
torch.Tensor.tril_	752	0	752	188	166	191	207	0	0	0	0	407	138	207
torch.Tensor.triu	432	0	432	102	49	73	208	0	0	0	0	212	11	209
torch.Tensor.triu_	786	0	786	106	338	141	201	0	0	0	0	515	70	201
torch.Tensor.true_divide	538	0	538	102	154	68	214	0	0	0	0	304	20	214
torch.Tensor.true_divide_	711	0	711	183	191	133	204	0	0	0	0	470	37	204
torch.Tensor.trunc	326	0	326	59	33	19	215	0	0	0	0	109	2	215
torch.Tensor.trunc_	871	0	871	157	436	76	202	0	0	0	0	605	64	202
torch.Tensor.type	601	0	601	124	192	64	221	0	0	0	0	319	61	221
torch.Tensor.type_as	344	0	344	56	54	23	211	0	0	0	0	122	11	211
torch.Tensor.unbind	588	0	588	138	147	93	210	0	0	0	0	337	41	210
torch.Tensor.unfold	774	0	774	361	112	97	203	0	0	1	0	500	71	203
torch.Tensor.unique	462	0	462	40	80	134	208	0	0	0	0	222	32	208
torch.Tensor.unique_consecutive	449	0	449	77	73	96	203	0	0	0	0	237	9	203
torch.Tensor.unsqueeze	489	0	489	83	103	87	216	0	0	0	0	236	37	216
torch.Tensor.unsqueeze_	678	0	678	217	124	137	200	0	0	0	0	422	56	200
torch.Tensor.var	717	0	717	173	213	129	202	0	0	0	0	425	90	202
torch.Tensor.vdot	751	0	751	83	252	216	200	0	0	0	0	485	66	200
torch.Tensor.view_as	687	0	687	271	71	139	206	0	0	0	0	465	16	206
torch.Tensor.vsplit	629	0	629	103	191	132	203	0	0	0	0	385	41	203
torch.Tensor.where	442	0	442	80	39	118	205	0	0	0	0	216	21	205
torch.Tensor.xlogy	363	0	363	60	39	62	202	0	0	0	0	142	19	202
torch.Tensor.xlogy_	499	0	499	86	120	87	206	0	0	0	0	221	72	206
torch.Tensor.zero_	603	0	603	79	261	57	206	0	0	0	0	323	74	206
torch._assert	876	0	876	157	403	111	205	0	0	0	0	629	39	208
torch.abs	515	0	515	68	156	89	202	0	0	0	0	251	62	202
torch.absolute	344	0	344	49	78	17	200	0	0	0	0	129	15	200
torch.acos	421	0	421	79	94	29	219	0	0	0	0	163	39	219
torch.acosh	294	0	294	35	34	22	203	0	0	0	0	68	23	203
torch.add	408	0	408	41	137	30	200	0	0	0	0	199	9	200
torch.addbmm	1286	0	1286	498	293	285	210	0	0	0	0	1019	57	210
torch.addcdiv	513	0	513	223	60	25	205	0	0	0	0	208	100	205
torch.addcmul	475	0	475	153	77	28	217	0	0	0	0	216	42	217
torch.addmm	631	0	631	135	158	128	210	0	0	0	0	372	49	210
torch.addmv	814	0	814	290	78	241	205	0	0	0	0	557	52	205
torch.addr	359	0	359	85	40	33	201	0	0	0	0	126	32	201
torch.all	468	0	468	119	83	63	203	0	0	0	0	200	65	203
torch.allclose	567	0	567	72	115	180	200	0	0	0	0	357	10	200
torch.amax	614	0	614	162	138	106	208	0	0	0	0	362	44	208
torch.amin	571	0	571	123	166	61	221	0	0	0	0	297	53	221
torch.aminmax	975	0	975	316	329	128	202	0	0	0	0	647	126	202
torch.angle	514	0	514	145	84	74	211	0	0	0	0	245	58	211
torch.any	368	0	368	63	72	26	207	0	0	0	0	152	9	207
torch.arange	325	0	325	55	44	23	203	0	0	0	0	120	2	203
torch.arccos	379	0	379	80	91	44	164	0	0	0	0	174	41	164
torch.arccosh	351	0	351	52	66	22	211	0	0	0	0	122	18	211
torch.arcsin	426	0	426	61	72	79	214	0	0	0	0	142	70	214
torch.arcsinh	426	0	426	51	120	57	198	0	0	0	0	173	55	198
torch.arctan	370	0	370	32	80	50	208	0	0	0	0	147	15	208
torch.arctanh	431	0	431	64	114	48	205	0	0	0	0	184	42	205
torch.are_deterministic_algorithms_enabled	452	0	452	67	117	57	211	0	0	0	0	202	39	211
torch.argmax	274	0	274	30	37	5	202	0	0	0	0	68	4	202
torch.argmin	439	0	439	69	95	72	203	0	0	0	0	200	36	203
torch.argsort	483	0	483	66	87	126	204	0	0	0	0	236	43	204
torch.as_strided	1329	0	1329	400	436	292	201	0	0	0	0	1034	94	201
torch.as_tensor	328	0	328	60	31	20	217	0	0	0	0	93	18	217
torch.asin	346	0	346	40	77	8	221	0	0	0	0	119	6	221
torch.asinh	550	0	550	153	121	68	207	0	0	1	0	302	41	207
torch.atan	395	0	395	68	94	21	212	0	0	0	0	175	8	212
torch.atan2	398	0	398	100	47	51	200	0	0	0	0	157	41	200
torch.atanh	365	0	365	47	70	14	234	0	0	0	0	111	20	234
torch.atleast_1d	568	0	568	164	69	124	211	0	0	0	0	307	50	211
torch.atleast_2d	244	0	244	58	105	35	46	0	0	0	0	160	38	46
torch.atleast_3d	675	0	675	138	240	92	205	0	0	0	0	420	50	205
torch.baddbmm	554	0	554	132	65	153	204	0	0	0	0	336	14	204
torch.bartlett_window	628	0	628	143	151	131	203	0	0	0	0	399	26	203
torch.bernoulli	376	0	376	57	91	14	214	0	0	0	0	158	4	214
torch.bincount	716	0	716	197	109	193	217	0	0	0	0	466	33	217
torch.bitwise_and	473	0	473	122	97	34	220	0	0	0	0	237	16	220
torch.bitwise_left_shift	491	0	491	162	94	31	204	0	0	0	0	275	12	204
torch.bitwise_not	361	0	361	71	48	32	210	0	0	0	0	140	11	210
torch.bitwise_or	355	0	355	57	53	29	216	0	0	0	0	122	17	216
torch.bitwise_right_shift	447	0	447	110	81	56	200	0	0	0	0	210	37	200
torch.bitwise_xor	562	0	562	111	65	177	209	0	0	0	0	325	28	209
torch.blackman_window	379	0	379	71	50	53	205	0	0	0	0	166	8	205
torch.block_diag	356	0	356	46	37	72	201	0	0	0	0	141	14	201
torch.bmm	974	0	974	442	212	120	200	0	0	0	0	650	124	200
torch.broadcast_shapes	539	0	539	40	54	241	204	0	0	0	0	312	23	204
torch.broadcast_tensors	821	0	821	279	215	116	211	0	0	0	0	522	88	211
torch.broadcast_to	703	0	703	138	121	230	214	0	0	0	0	470	19	214
torch.bucketize	609	0	609	196	151	39	223	0	0	0	0	338	48	223
torch.can_cast	442	0	442	73	84	77	208	0	0	0	0	216	18	208
torch.cartesian_prod	453	0	453	72	48	133	200	0	0	0	0	189	64	200
torch.cat	512	0	512	167	55	84	206	0	0	0	0	284	22	206
torch.cdist	745	0	745	137	127	279	202	0	0	0	0	511	32	202
torch.ceil	445	0	445	82	106	55	202	0	0	0	0	216	27	202
torch.chain_matmul	795	0	795	288	85	222	200	0	0	0	0	521	74	200
torch.cholesky	940	0	940	150	179	400	211	0	0	0	0	673	56	211
torch.cholesky_inverse	419	0	419	84	57	61	217	0	0	0	0	191	11	217
torch.cholesky_solve	712	0	712	180	74	251	207	0	0	0	0	465	40	207
torch.chunk	723	0	723	139	319	62	203	0	0	0	0	490	30	203
torch.clamp	340	0	340	67	57	7	209	0	0	0	0	128	3	209
torch.clip	436	0	436	103	108	24	201	0	0	0	0	225	10	201
torch.clone	536	0	536	35	89	206	206	0	0	0	0	322	8	206
torch.column_stack	763	0	763	286	133	141	203	0	0	0	0	504	56	203
torch.combinations	638	0	638	200	131	105	202	0	0	0	0	400	36	202
torch.compiled_with_cxx11_abi	1083	0	1083	142	339	385	217	0	0	0	0	823	43	217
torch.complex	436	0	436	123	45	64	204	0	0	0	0	193	39	204
torch.concat	734	0	734	300	91	116	226	0	0	1	0	452	56	226
torch.conj	299	0	299	60	98	33	108	0	0	0	0	167	24	108
torch.conj_physical	603	0	603	137	135	109	222	0	0	0	0	274	107	222
torch.copysign	322	0	322	46	50	25	201	0	0	0	0	105	16	201
torch.corrcoef	618	0	618	283	68	63	204	0	0	0	0	373	41	204
torch.cos	332	0	332	35	34	59	204	0	0	0	0	119	9	204
torch.cosh	350	0	350	46	55	32	217	0	0	0	0	108	25	217
torch.count_nonzero	336	0	336	47	64	20	205	0	0	0	0	122	9	205
torch.cov	765	0	765	259	131	174	201	0	0	0	0	486	78	201
torch.cross	844	0	844	193	116	328	207	0	0	0	0	550	87	207
torch.cummax	835	0	835	253	220	161	200	0	0	1	0	523	112	200
torch.cummin	488	0	488	108	129	51	200	0	0	0	0	247	41	200
torch.cumprod	620	0	620	182	131	103	204	0	0	0	0	386	30	204
torch.cumsum	594	0	594	276	48	67	203	0	0	0	0	320	71	203
torch.cumulative_trapezoid	940	0	940	385	209	144	202	0	0	0	0	665	73	202
torch.deg2rad	516	0	516	80	116	117	203	0	0	0	0	173	140	203
torch.dequantize	642	0	642	133	199	86	224	0	0	0	0	358	60	224
torch.det	375	0	375	68	37	66	204	0	0	0	0	128	43	204
torch.diag	408	0	408	103	111	60	134	0	0	0	0	239	35	134
torch.diag_embed	440	0	440	84	96	54	206	0	0	0	0	216	18	206
torch.diagflat	534	0	534	178	75	79	202	0	0	0	0	303	29	202
torch.diagonal	1157	0	1157	358	427	168	204	0	0	0	0	906	47	204
torch.diff	591	0	591	169	166	41	215	0	0	0	0	329	47	215
torch.digamma	381	0	381	47	78	34	222	0	0	0	0	143	16	222
torch.dist	403	0	403	105	41	57	200	0	0	0	0	148	55	200
torch.distributed.Backend	577	0	577	20	163	91	227	0	0	76	0	319	31	227
torch.distributed.HashStore	1934	0	1934	50	1112	559	213	0	0	0	0	1451	270	213
torch.distributed.Store	1220	0	1220	15	644	353	208	0	0	0	0	857	155	208
torch.distributed.TCPStore	1390	0	1390	22	746	410	212	0	0	0	0	1051	127	212
torch.distributed.algorithms.JoinHook	2883	0	2883	175	2085	419	204	0	0	0	0	2384	295	204
torch.distributed.all_gather_object	515	0	515	73	76	103	203	0	0	60	0	291	21	203
torch.distributed.barrier	556	0	556	45	97	203	203	0	0	8	0	315	38	203
torch.distributed.broadcast	439	0	439	46	91	81	210	0	0	11	0	216	13	210
torch.distributed.broadcast_object_list	2958	0	2958	137	199	2539	70	0	0	13	0	2722	166	70
torch.distributed.gather_object	3164	0	3164	120	296	414	131	0	0	2203	0	2867	166	131
torch.distributed.is_available	807	0	807	98	344	165	200	0	0	0	0	507	100	200
torch.distributed.is_initialized	601	0	601	19	125	228	204	0	0	25	0	354	43	204
torch.distributed.is_mpi_available	491	0	491	43	200	43	205	0	0	0	0	250	36	205
torch.distributed.is_nccl_available	456	0	456	18	131	98	209	0	0	0	0	191	56	209
torch.distributed.is_torchelastic_launched	532	0	532	49	179	101	203	0	0	0	0	260	69	203
torch.distributed.monitored_barrier	824	0	824	101	211	157	202	0	0	153	0	497	125	202
torch.distributions.bernoulli.Bernoulli	701	0	701	107	155	233	206	0	0	0	0	460	35	206
torch.distributions.beta.Beta	518	0	518	42	162	113	201	0	0	0	0	298	19	201
torch.distributions.binomial.Binomial	476	0	476	59	128	80	209	0	0	0	0	251	16	209
torch.distributions.categorical.Categorical	492	0	492	50	90	141	211	0	0	0	0	256	25	211
torch.distributions.cauchy.Cauchy	557	0	557	91	140	121	205	0	0	0	0	346	6	205
torch.distributions.chi2.Chi2	739	0	739	119	195	223	202	0	0	0	0	489	48	202
torch.distributions.constraint_registry.ConstraintRegistry	1011	0	1011	143	460	202	206	0	0	0	0	687	117	207
torch.distributions.constraints.Constraint	564	0	564	70	177	109	208	0	0	0	0	319	37	208
torch.distributions.continuous_bernoulli.ContinuousBernoulli	716	0	716	97	199	219	201	0	0	0	0	477	38	201
torch.distributions.dirichlet.Dirichlet	688	0	688	96	158	227	207	0	0	0	0	445	36	207
torch.distributions.distribution.Distribution	590	0	590	122	185	82	201	0	0	0	0	346	43	201
torch.distributions.exp_family.ExponentialFamily	662	0	662	112	157	192	201	0	0	0	0	373	88	201
torch.distributions.exponential.Exponential	1161	0	1161	385	203	364	209	0	0	0	0	909	43	209
torch.distributions.fishersnedecor.FisherSnedecor	577	0	577	79	69	229	200	0	0	0	0	372	5	200
torch.distributions.gamma.Gamma	383	0	383	85	83	99	116	0	0	0	0	262	5	116
torch.distributions.geometric.Geometric	622	0	622	88	145	178	211	0	0	0	0	394	17	211
torch.distributions.gumbel.Gumbel	414	0	414	64	88	55	207	0	0	0	0	185	22	207
torch.distributions.half_cauchy.HalfCauchy	557	0	557	100	139	114	204	0	0	0	0	315	38	204
torch.distributions.half_normal.HalfNormal	560	0	560	133	98	126	203	0	0	0	0	332	25	203
torch.distributions.independent.Independent	480	0	480	61	77	134	208	0	0	0	0	265	7	208
torch.distributions.kl.kl_divergence	535	0	535	97	73	164	201	0	0	0	0	285	49	201
torch.distributions.kl.register_kl	2181	0	2181	393	1181	401	206	0	0	0	0	1718	257	206
torch.distributions.kumaraswamy.Kumaraswamy	496	0	496	69	96	127	204	0	0	0	0	246	46	204
torch.distributions.lkj_cholesky.LKJCholesky	679	0	679	96	214	167	202	0	0	0	0	410	67	202
torch.distributions.log_normal.LogNormal	549	0	549	57	199	85	208	0	0	0	0	332	9	208
torch.distributions.lowrank_multivariate_normal.LowRankMultivariateNormal	1122	0	1122	509	231	180	202	0	0	0	0	847	73	202
torch.distributions.mixture_same_family.MixtureSameFamily	636	0	636	118	110	198	210	0	0	0	0	396	30	210
torch.distributions.multinomial.Multinomial	744	0	744	150	142	247	205	0	0	0	0	504	35	205
torch.distributions.multivariate_normal.MultivariateNormal	579	0	579	87	141	147	204	0	0	0	0	360	15	204
torch.distributions.negative_binomial.NegativeBinomial	963	0	963	193	252	316	202	0	0	0	0	726	35	202
torch.distributions.normal.Normal	547	0	547	50	159	127	211	0	0	0	0	330	6	211
torch.distributions.one_hot_categorical.OneHotCategorical	494	0	494	84	80	112	218	0	0	0	0	235	41	218
torch.distributions.pareto.Pareto	618	0	618	120	122	175	201	0	0	0	0	282	135	201
torch.distributions.poisson.Poisson	982	0	982	261	350	171	200	0	0	0	0	704	78	200
torch.distributions.relaxed_bernoulli.LogitRelaxedBernoulli	549	0	549	123	117	107	202	0	0	0	0	326	21	202
torch.distributions.relaxed_bernoulli.RelaxedBernoulli	775	0	775	224	155	193	203	0	0	0	0	533	39	203
torch.distributions.relaxed_categorical.RelaxedOneHotCategorical	159	0	159	52	34	50	23	0	0	0	0	133	3	23
torch.distributions.studentT.StudentT	491	0	491	74	55	158	204	0	0	0	0	262	25	204
torch.distributions.transforms.AbsTransform	897	0	897	121	205	370	201	0	0	0	0	650	46	201
torch.distributions.transforms.AffineTransform	872	0	872	209	209	252	202	0	0	0	0	647	23	202
torch.distributions.transforms.ComposeTransform	628	0	628	125	194	108	201	0	0	0	0	400	27	201
torch.distributions.transforms.CorrCholeskyTransform	523	0	523	106	64	134	219	0	0	0	0	295	9	219
torch.distributions.transforms.ExpTransform	559	0	559	76	104	178	201	0	0	0	0	314	44	201
torch.distributions.transforms.IndependentTransform	923	0	923	167	301	242	213	0	0	0	0	665	45	213
torch.distributions.transforms.LowerCholeskyTransform	680	0	680	163	172	136	209	0	0	0	0	392	79	209
torch.distributions.transforms.PowerTransform	590	0	590	73	90	220	207	0	0	0	0	319	64	207
torch.distributions.transforms.ReshapeTransform	688	0	688	168	112	199	209	0	0	0	0	466	13	209
torch.distributions.transforms.SigmoidTransform	492	0	492	50	87	154	201	0	0	0	0	263	28	201
torch.distributions.transforms.SoftmaxTransform	192	0	192	50	61	43	38	0	0	0	0	130	24	38
torch.distributions.transforms.StickBreakingTransform	757	0	757	131	193	233	200	0	0	0	0	514	43	200
torch.distributions.transforms.TanhTransform	497	0	497	93	103	94	207	0	0	0	0	284	6	207
torch.distributions.transforms.Transform	1359	0	1359	184	497	467	211	0	0	0	0	837	310	212
torch.distributions.uniform.Uniform	554	0	554	196	57	97	204	0	0	0	0	330	20	204
torch.distributions.von_mises.VonMises	434	0	434	77	81	76	200	0	0	0	0	160	74	200
torch.distributions.weibull.Weibull	575	0	575	105	116	138	216	0	0	0	0	341	18	216
torch.div	51	0	51	3	28	4	16	0	0	0	0	31	4	16
torch.divide	522	0	522	93	152	74	203	0	0	0	0	253	66	203
torch.dot	618	0	618	142	54	220	202	0	0	0	0	360	56	202
torch.dsplit	992	0	992	218	252	318	204	0	0	0	0	743	45	204
torch.dstack	732	0	732	322	90	92	228	0	0	0	0	409	95	228
torch.einsum	1244	0	1244	236	135	667	206	0	0	0	0	944	94	206
torch.empty	342	0	342	47	38	25	232	0	0	0	0	108	2	232
torch.empty_like	406	0	406	85	76	38	207	0	0	0	0	178	21	207
torch.empty_strided	512	0	512	133	68	106	205	0	0	0	0	284	23	205
torch.enable_grad	444	0	444	41	117	82	204	0	0	0	0	216	24	204
torch.eq	561	0	561	77	196	82	206	0	0	0	0	294	61	206
torch.equal	314	0	314	61	21	29	203	0	0	0	0	94	17	203
torch.erf	434	0	434	71	85	69	209	0	0	0	0	181	44	209
torch.erfc	525	0	525	74	106	144	201	0	0	0	0	311	13	201
torch.erfinv	606	0	606	114	148	141	203	0	0	0	0	390	13	203
torch.exp	437	0	437	74	97	65	201	0	0	0	0	171	65	201
torch.exp2	331	0	331	44	50	13	224	0	0	0	0	99	8	224
torch.expm1	369	0	369	46	64	59	200	0	0	0	0	150	19	200
torch.eye	397	0	397	54	100	42	201	0	0	0	0	151	45	201
torch.fake_quantize_per_tensor_affine	488	0	488	165	77	40	206	0	0	0	0	238	44	206
torch.fft.fft	725	0	725	249	211	63	202	0	0	0	0	480	43	202
torch.fft.fft2	341	0	341	42	61	27	211	0	0	0	0	99	31	211
torch.fft.fftfreq	770	0	770	184	204	170	212	0	0	0	0	513	45	212
torch.fft.fftn	525	0	525	119	86	107	213	0	0	0	0	282	30	213
torch.fft.fftshift	434	0	434	104	68	37	225	0	0	0	0	198	11	225
torch.fft.hfft	621	0	621	171	144	87	219	0	0	0	0	352	50	219
torch.fft.ifft	482	0	482	90	106	82	204	0	0	0	0	226	52	204
torch.fft.ifft2	431	0	431	84	85	59	203	0	0	0	0	212	16	203
torch.fft.ifftn	840	0	840	258	255	127	200	0	0	0	0	513	127	200
torch.fft.ifftshift	657	0	657	159	142	155	201	0	0	0	0	318	138	201
torch.fft.ihfft	616	0	616	178	101	132	205	0	0	0	0	366	45	205
torch.fft.irfft	393	0	393	79	74	22	218	0	0	0	0	133	42	218
torch.fft.irfft2	623	0	623	160	127	108	228	0	0	0	0	347	48	228
torch.fft.irfftn	946	0	946	330	190	226	200	0	0	0	0	655	91	200
torch.fft.rfft	575	0	575	142	123	87	223	0	0	0	0	307	45	223
torch.fft.rfft2	545	0	545	190	96	58	201	0	0	0	0	301	43	201
torch.fft.rfftfreq	479	0	479	83	111	76	209	0	0	0	0	236	34	209
torch.fft.rfftn	394	0	394	68	89	37	200	0	0	0	0	157	37	200
torch.fix	457	0	457	59	157	40	201	0	0	0	0	226	30	201
torch.flatten	456	0	456	84	111	45	216	0	0	0	0	223	17	216
torch.flip	518	0	518	126	145	40	207	0	0	0	0	288	23	207
torch.fliplr	650	0	650	190	200	58	202	0	0	0	0	422	26	202
torch.flipud	560	0	560	147	91	108	214	0	0	0	0	284	62	214
torch.float_power	437	0	437	81	95	49	212	0	0	0	0	198	27	212
torch.floor	498	0	498	143	95	24	236	0	0	0	0	240	22	236
torch.floor_divide	602	0	602	71	60	270	201	0	0	0	0	372	29	201
torch.fmax	351	0	351	93	35	11	212	0	0	0	0	129	10	212
torch.fmin	276	0	276	94	39	60	83	0	0	0	0	188	5	83
torch.fmod	574	0	574	80	79	208	207	0	0	0	0	357	10	207
torch.frac	401	0	401	124	34	37	206	0	0	0	0	190	5	206
torch.frexp	487	0	487	135	77	60	215	0	0	0	0	212	60	215
torch.from_numpy	399	0	399	72	83	32	212	0	0	0	0	168	19	212
torch.frombuffer	409	0	409	65	86	44	214	0	0	0	0	168	27	214
torch.full	574	0	574	188	131	47	208	0	0	0	0	316	50	208
torch.full_like	394	0	394	65	89	26	214	0	0	0	0	175	5	214
torch.futures.Future	1309	0	1309	217	294	597	201	0	0	0	0	921	187	201
torch.futures.collect_all	1417	0	1417	150	741	322	204	0	0	0	0	529	684	204
torch.fx.Graph	662	0	662	95	215	146	206	0	0	0	0	361	95	206
torch.fx.Node	1001	0	1001	173	276	346	206	0	0	0	0	597	198	206
torch.fx.Proxy	490	0	490	49	105	133	203	0	0	0	0	272	15	203
torch.fx.Tracer	447	0	447	57	91	87	212	0	0	0	0	176	59	212
torch.fx.replace_pattern	474	0	474	80	115	73	206	0	0	0	0	242	26	206
torch.gather	1586	0	1586	624	334	425	201	0	0	2	0	1099	286	201
torch.gcd	536	0	536	212	63	58	203	0	0	0	0	290	43	203
torch.ge	502	0	502	89	132	60	221	0	0	0	0	248	33	221
torch.geqrf	654	0	654	176	138	125	215	0	0	0	0	370	69	215
torch.ger	592	0	592	193	93	95	211	0	0	0	0	290	91	211
torch.get_default_dtype	516	0	516	80	116	109	211	0	0	0	0	283	22	211
torch.get_num_interop_threads	439	0	439	32	141	65	201	0	0	0	0	213	25	201
torch.get_num_threads	323	0	323	43	53	24	203	0	0	0	0	110	10	203
torch.get_rng_state	482	0	482	91	136	42	213	0	0	0	0	214	55	213
torch.gradient	815	0	815	247	201	163	204	0	0	0	0	440	171	204
torch.greater	340	0	340	41	35	60	204	0	0	0	0	120	16	204
torch.greater_equal	306	0	306	40	26	28	212	0	0	0	0	75	19	212
torch.gt	404	0	404	93	70	16	225	0	0	0	0	172	7	225
torch.hamming_window	340	0	340	48	44	41	207	0	0	0	0	127	6	207
torch.hann_window	626	0	626	139	177	107	203	0	0	0	0	392	31	203
torch.heaviside	565	0	565	161	127	54	223	0	0	0	0	296	46	223
torch.histc	549	0	549	136	108	106	199	0	0	0	0	308	42	199
torch.histogram	959	0	959	310	354	93	202	0	0	0	0	714	43	202
torch.hsplit	333	0	333	37	56	31	209	0	0	0	0	95	29	209
torch.hspmm	861	0	861	156	137	360	208	0	0	0	0	636	17	208
torch.hstack	816	0	816	282	146	184	204	0	0	0	0	494	118	204
torch.hub.download_url_to_file	804	0	804	173	220	199	212	0	0	0	0	518	74	212
torch.hub.get_dir	529	0	529	57	206	56	210	0	0	0	0	267	52	210
torch.hub.load_state_dict_from_url	783	0	783	149	295	133	206	0	0	0	0	556	21	206
torch.hub.set_dir	803	0	803	134	297	158	214	0	0	0	0	541	48	214
torch.hypot	281	0	281	44	13	13	211	0	0	0	0	42	28	211
torch.i0	610	0	610	166	144	96	204	0	0	0	0	360	46	204
torch.igamma	303	0	303	40	36	17	210	0	0	0	0	66	27	210
torch.igammac	278	0	278	34	19	19	206	0	0	0	0	65	7	206
torch.imag	480	0	480	127	73	79	201	0	0	0	0	267	12	201
torch.index_select	693	0	693	197	149	141	206	0	0	0	0	413	74	206
torch.initial_seed	422	0	422	60	91	61	210	0	0	0	0	193	19	210
torch.inner	362	0	362	66	40	56	200	0	0	0	0	135	27	200
torch.inverse	401	0	401	123	36	30	212	0	0	0	0	183	6	212
torch.is_complex	562	0	562	130	144	83	205	0	0	0	0	317	40	205
torch.is_conj	636	0	636	165	151	115	205	0	0	0	0	364	67	205
torch.is_floating_point	547	0	547	104	151	92	200	0	0	0	0	305	42	200
torch.is_grad_enabled	560	0	560	70	57	222	211	0	0	0	0	233	116	211
torch.is_inference_mode_enabled	400	0	400	22	130	32	216	0	0	0	0	110	74	216
torch.is_nonzero	1181	1	1180	219	278	476	207	1	0	0	0	822	152	207
torch.is_storage	517	0	517	39	177	87	214	0	0	0	0	202	101	214
torch.is_tensor	569	0	569	105	168	87	209	0	0	0	0	334	26	209
torch.is_warn_always_enabled	774	0	774	111	355	99	209	0	0	0	0	474	91	209
torch.isclose	569	0	569	118	121	127	203	0	0	0	0	354	12	203
torch.isfinite	507	0	507	118	87	95	207	0	0	0	0	272	28	207
torch.isin	427	0	427	86	98	37	206	0	0	0	0	192	29	206
torch.isinf	324	0	324	45	53	19	207	0	0	0	0	102	15	207
torch.isnan	561	0	561	81	162	111	207	0	0	0	0	286	68	207
torch.isneginf	828	0	828	143	320	165	200	0	0	0	0	510	118	200
torch.isposinf	627	0	627	101	163	149	214	0	0	0	0	342	71	214
torch.isreal	746	0	746	99	253	191	203	0	0	0	0	403	140	203
torch.istft	934	0	934	323	173	235	203	0	0	0	0	695	36	203
torch.jit.ScriptModule	762	0	762	85	242	235	200	0	0	0	0	521	41	200
torch.jit.annotate	696	0	696	42	180	267	207	0	0	0	0	449	40	207
torch.jit.ignore	442	0	442	37	134	70	201	0	0	0	0	174	67	201
torch.jit.isinstance	430	0	430	106	78	44	202	0	0	0	0	171	57	202
torch.jit.load	509	0	509	37	153	113	206	0	0	0	0	288	15	206
torch.jit.script	455	0	455	25	52	167	211	0	0	0	0	241	3	211
torch.jit.wait	641	0	641	68	243	122	208	0	0	0	0	390	43	208
torch.kaiser_window	602	0	602	174	132	93	203	0	0	0	0	364	35	203
torch.kron	612	0	612	113	210	75	214	0	0	0	0	357	41	214
torch.kthvalue	674	0	674	140	250	59	225	0	0	0	0	399	50	225
torch.lcm	344	0	344	82	35	12	215	0	0	0	0	122	7	215
torch.ldexp	472	0	472	137	83	47	205	0	0	0	0	231	36	205
torch.le	435	0	435	91	59	85	200	0	0	0	0	166	69	200
torch.lerp	426	0	426	99	65	32	230	0	0	0	0	179	17	230
torch.less	276	0	276	30	19	24	203	0	0	0	0	67	6	203
torch.less_equal	397	0	397	72	33	84	208	0	0	0	0	177	12	208
torch.lgamma	339	0	339	46	51	22	220	0	0	0	0	106	13	220
torch.linalg.cholesky	545	0	545	101	99	141	204	0	0	0	0	302	39	204
torch.linalg.cholesky_ex	931	0	931	338	120	267	206	0	0	0	0	626	99	206
torch.linalg.cond	530	0	530	135	52	140	203	0	0	0	0	293	34	203
torch.linalg.det	581	0	581	127	81	170	203	0	0	0	0	309	69	203
torch.linalg.eig	448	0	448	121	43	66	218	0	0	0	0	223	7	218
torch.linalg.eigh	575	0	575	125	115	126	209	0	0	0	0	322	44	209
torch.linalg.eigvals	452	0	452	105	63	83	201	0	0	0	0	245	6	201
torch.linalg.eigvalsh	409	0	409	96	48	57	208	0	0	0	0	192	9	208
torch.linalg.householder_product	740	0	740	268	67	205	200	0	0	0	0	392	148	200
torch.linalg.inv	372	0	372	52	69	50	201	0	0	0	0	167	4	201
torch.linalg.inv_ex	919	0	919	307	163	248	201	0	0	0	0	588	130	201
torch.linalg.lstsq	531	0	531	164	62	98	207	0	0	0	0	293	31	207
torch.linalg.matmul	603	0	603	114	103	185	201	0	0	0	0	384	18	201
torch.linalg.matrix_norm	620	0	620	166	89	146	219	0	0	0	0	342	59	219
torch.linalg.matrix_power	461	0	461	92	57	107	205	0	0	0	0	205	51	205
torch.linalg.matrix_rank	581	0	581	144	155	75	207	0	0	0	0	304	70	207
torch.linalg.multi_dot	355	0	355	103	58	152	42	0	0	0	0	258	55	42
torch.linalg.norm	675	0	675	167	101	196	211	0	0	0	0	315	149	211
torch.linalg.qr	610	0	610	115	126	177	191	0	0	1	0	356	63	191
torch.linalg.slogdet	752	0	752	190	129	226	207	0	0	0	0	433	112	207
torch.linalg.solve	602	0	602	129	62	211	200	0	0	0	0	379	23	200
torch.linalg.svd	431	0	431	127	34	67	203	0	0	0	0	218	10	203
torch.linalg.svdvals	736	0	736	298	160	77	201	0	0	0	0	490	45	201
torch.linalg.tensorinv	548	0	548	190	63	87	208	0	0	0	0	281	59	208
torch.linalg.tensorsolve	1009	0	1009	499	121	185	204	0	0	0	0	725	80	204
torch.linalg.vector_norm	473	0	473	131	83	55	204	0	0	0	0	229	40	204
torch.linspace	420	0	420	68	116	31	205	0	0	0	0	206	9	205
torch.load	450	0	450	64	66	112	208	0	0	0	0	231	11	208
torch.lobpcg	1293	0	1293	184	310	589	209	0	0	1	0	992	92	209
torch.log	623	0	623	117	193	111	202	0	0	0	0	405	16	202
torch.log10	459	0	459	116	89	48	206	0	0	0	0	210	43	206
torch.log1p	350	0	350	55	57	36	202	0	0	0	0	128	20	202
torch.log2	406	0	406	56	90	58	202	0	0	0	0	147	57	202
torch.logaddexp	631	0	631	148	213	67	203	0	0	0	0	399	29	203
torch.logaddexp2	336	0	336	55	35	38	208	0	0	0	0	117	11	208
torch.logcumsumexp	368	0	368	64	36	38	230	0	0	0	0	110	28	230
torch.logdet	574	0	574	185	69	107	213	0	0	0	0	290	71	213
torch.logical_and	433	0	433	63	67	84	219	0	0	0	0	191	23	219
torch.logical_not	473	0	473	86	87	100	200	0	0	0	0	255	18	200
torch.logical_or	419	0	419	77	47	85	210	0	0	0	0	192	17	210
torch.logical_xor	584	0	584	98	114	165	207	0	0	0	0	354	23	207
torch.logit	582	0	582	156	156	64	206	0	0	0	0	325	51	206
torch.logspace	450	0	450	149	67	28	206	0	0	0	0	235	9	206
torch.logsumexp	822	0	822	253	161	199	209	0	0	0	0	345	268	209
torch.lt	347	0	347	58	39	44	206	0	0	0	0	105	36	206
torch.lu	640	0	640	133	140	147	220	0	0	0	0	409	11	220
torch.lu_solve	891	0	891	224	157	305	205	0	0	0	0	653	33	205
torch.lu_unpack	502	0	502	130	75	94	203	0	0	0	0	260	39	203
torch.masked_select	835	0	835	203	266	166	200	0	0	0	0	561	74	200
torch.matmul	662	0	662	141	152	161	208	0	0	0	0	426	28	208
torch.matrix_exp	398	0	398	77	66	40	215	0	0	0	0	150	33	215
torch.matrix_power	532	0	532	164	84	81	203	0	0	0	0	248	81	203
torch.max	606	0	606	160	176	66	204	0	0	0	0	365	37	204
torch.maximum	405	0	405	79	57	57	212	0	0	0	0	135	58	212
torch.mean	542	0	542	121	152	63	206	0	0	0	0	279	57	206
torch.median	543	0	543	140	90	110	203	0	0	0	0	298	42	203
torch.meshgrid	532	0	532	149	86	94	203	0	0	0	0	313	16	203
torch.min	471	0	471	87	144	27	213	0	0	0	0	239	19	213
torch.minimum	463	0	463	99	93	53	218	0	0	0	0	207	38	218
torch.mm	671	0	671	164	101	198	208	0	0	0	0	404	59	208
torch.mode	627	0	627	184	140	101	202	0	0	0	0	354	71	202
torch.moveaxis	517	0	517	176	100	24	217	0	0	0	0	275	25	217
torch.movedim	541	0	541	151	145	45	200	0	0	0	0	301	40	200
torch.msort	590	0	590	151	130	108	201	0	0	0	0	336	53	201
torch.mul	366	0	366	49	73	29	215	0	0	0	0	136	15	215
torch.multinomial	1149	0	1149	210	478	250	211	0	0	0	0	902	36	211
torch.multiply	331	0	331	53	55	13	210	0	0	0	0	109	12	210
torch.mv	419	0	419	152	63	162	42	0	0	0	0	337	40	42
torch.mvlgamma	746	0	746	282	149	87	228	0	0	0	0	480	38	228
torch.nan_to_num	441	0	441	54	125	55	207	0	0	0	0	204	30	207
torch.nanmean	677	0	677	139	120	214	204	0	0	0	0	443	30	204
torch.nanmedian	870	0	870	274	269	114	213	0	0	0	0	600	57	213
torch.nanquantile	577	0	577	112	163	99	203	0	0	0	0	338	36	203
torch.nansum	513	0	513	92	146	69	206	0	0	0	0	267	40	206
torch.narrow	731	0	731	192	206	130	203	0	0	0	0	480	48	203
torch.ne	528	0	528	102	110	110	206	0	0	0	0	266	56	206
torch.neg	390	0	390	79	73	27	211	0	0	0	0	163	16	211
torch.negative	537	0	537	80	211	44	202	0	0	0	0	300	35	202
torch.nextafter	325	0	325	55	37	7	226	0	0	0	0	94	5	226
torch.nn.AdaptiveAvgPool1d	631	0	631	181	137	112	201	0	0	0	0	362	68	201
torch.nn.AdaptiveAvgPool2d	15	0	15	3	4	5	3	0	0	0	0	8	4	3
torch.nn.AdaptiveAvgPool3d	692	0	692	124	221	146	201	0	0	0	0	431	60	201
torch.nn.AdaptiveLogSoftmaxWithLoss	1254	0	1254	422	272	353	205	0	0	2	0	927	122	205
torch.nn.AdaptiveMaxPool1d	349	0	349	27	107	15	200	0	0	0	0	147	2	200
torch.nn.AdaptiveMaxPool2d	515	0	515	106	76	122	211	0	0	0	0	263	41	211
torch.nn.AdaptiveMaxPool3d	575	0	575	79	142	153	201	0	0	0	0	314	60	201
torch.nn.AlphaDropout	576	0	576	104	180	83	209	0	0	0	0	345	22	209
torch.nn.AvgPool1d	536	0	536	96	159	80	201	0	0	0	0	311	24	201
torch.nn.AvgPool2d	437	0	437	66	73	94	204	0	0	0	0	218	15	204
torch.nn.AvgPool3d	674	0	674	137	100	227	210	0	0	0	0	446	18	210
torch.nn.BCELoss	551	0	551	85	133	130	203	0	0	0	0	291	57	203
torch.nn.BCEWithLogitsLoss	500	0	500	50	111	124	215	0	0	0	0	261	24	215
torch.nn.BatchNorm1d	481	0	481	63	110	106	202	0	0	0	0	276	3	202
torch.nn.BatchNorm2d	634	0	634	45	178	209	202	0	0	0	0	417	15	202
torch.nn.BatchNorm3d	620	0	620	78	121	191	230	0	0	0	0	352	38	230
torch.nn.Bilinear	615	0	615	201	118	94	202	0	0	0	0	382	31	202
torch.nn.CELU	436	0	436	138	62	32	204	0	0	0	0	211	21	204
torch.nn.CTCLoss	2270	0	2270	1204	636	230	200	0	0	0	0	1765	305	200
torch.nn.ChannelShuffle	484	0	484	140	68	76	200	0	0	0	0	248	36	200
torch.nn.ConstantPad1d	584	0	584	175	104	103	202	0	0	0	0	352	30	202
torch.nn.ConstantPad2d	573	0	573	220	82	69	202	0	0	0	0	335	36	202
torch.nn.ConstantPad3d	644	0	644	250	104	83	207	0	0	0	0	414	23	207
torch.nn.Conv1d	684	0	684	100	302	71	211	0	0	0	0	447	26	211
torch.nn.Conv2d	490	0	490	127	50	110	203	0	0	0	0	283	4	203
torch.nn.Conv3d	422	0	422	82	63	63	214	0	0	0	0	187	21	214
torch.nn.ConvTranspose1d	708	0	708	226	166	114	202	0	0	0	0	487	19	202
torch.nn.ConvTranspose2d	637	0	637	191	148	85	213	0	0	0	0	400	24	213
torch.nn.ConvTranspose3d	486	0	486	130	58	91	207	0	0	0	0	265	14	207
torch.nn.CosineEmbeddingLoss	2210	0	2210	992	701	315	202	0	0	0	0	1627	381	202
torch.nn.CosineSimilarity	399	0	399	95	57	47	200	0	0	0	0	185	14	200
torch.nn.CrossEntropyLoss	942	0	942	57	449	235	201	0	0	0	0	654	87	201
torch.nn.DataParallel	383	0	383	29	84	67	203	0	0	0	0	145	35	203
torch.nn.Dropout	653	0	653	134	273	21	225	0	0	0	0	421	7	225
torch.nn.Dropout2d	427	0	427	51	122	41	213	0	0	0	0	201	13	213
torch.nn.Dropout3d	451	0	451	91	101	59	200	0	0	0	0	244	7	200
torch.nn.ELU	573	0	573	122	160	83	208	0	0	0	0	301	64	208
torch.nn.Embedding	628	0	628	113	215	91	209	0	0	0	0	417	2	209
torch.nn.EmbeddingBag	558	0	558	123	134	99	202	0	0	0	0	296	60	202
torch.nn.FeatureAlphaDropout	716	0	716	127	231	155	203	0	0	0	0	475	38	203
torch.nn.FractionalMaxPool2d	849	0	849	258	178	189	224	0	0	0	0	596	29	224
torch.nn.FractionalMaxPool3d	681	0	681	211	83	186	201	0	0	0	0	456	24	201
torch.nn.GELU	924	0	924	118	461	145	200	0	0	0	0	619	105	200
torch.nn.GLU	680	0	680	116	221	138	205	0	0	0	0	461	14	205
torch.nn.GRU	718	0	718	224	147	144	203	0	0	0	0	499	16	203
torch.nn.GRUCell	933	0	933	248	298	183	204	0	0	0	0	673	56	204
torch.nn.GaussianNLLLoss	610	0	610	204	78	128	200	0	0	0	0	329	81	200
torch.nn.GroupNorm	848	0	848	235	179	232	202	0	0	0	0	611	35	202
torch.nn.Hardshrink	732	0	732	210	177	139	206	0	0	0	0	396	130	206
torch.nn.Hardsigmoid	324	0	324	48	18	51	207	0	0	0	0	84	33	207
torch.nn.Hardswish	329	0	329	43	48	26	212	0	0	0	0	84	33	212
torch.nn.Hardtanh	528	0	528	151	106	68	203	0	0	0	0	274	51	203
torch.nn.HingeEmbeddingLoss	470	0	470	105	120	44	201	0	0	0	0	245	24	201
torch.nn.HuberLoss	410	0	410	68	52	82	208	0	0	0	0	174	28	208
torch.nn.Identity	492	0	492	45	137	81	229	0	0	0	0	219	44	229
torch.nn.InstanceNorm1d	476	0	476	96	88	90	202	0	0	0	0	241	33	202
torch.nn.InstanceNorm2d	457	0	457	52	86	110	209	0	0	0	0	236	12	209
torch.nn.InstanceNorm3d	487	0	487	96	56	130	205	0	0	0	0	276	6	205
torch.nn.KLDivLoss	415	0	415	64	62	64	225	0	0	0	0	148	42	225
torch.nn.L1Loss	593	0	593	86	85	211	211	0	0	0	0	337	45	211
torch.nn.LPPool1d	648	0	648	224	106	114	204	0	0	0	0	425	19	204
torch.nn.LPPool2d	569	0	569	104	159	98	208	0	0	0	0	349	12	208
torch.nn.LSTM	835	0	835	282	224	127	202	0	0	0	0	617	16	202
torch.nn.LSTMCell	908	0	908	224	412	67	205	0	0	0	0	665	38	205
torch.nn.LayerNorm	652	0	652	136	225	81	210	0	0	0	0	421	21	210
torch.nn.LazyBatchNorm1d	446	0	446	14	170	61	201	0	0	0	0	242	3	201
torch.nn.LazyBatchNorm3d	601	0	601	67	110	218	206	0	0	0	0	372	23	206
torch.nn.LazyConv1d	457	0	457	78	66	108	205	0	0	0	0	241	11	205
torch.nn.LazyConv2d	503	0	503	64	63	168	208	0	0	0	0	250	45	208
torch.nn.LazyConv3d	802	0	802	153	147	302	200	0	0	0	0	558	44	200
torch.nn.LazyConvTranspose1d	636	0	636	93	91	251	200	0	0	1	0	418	18	200
torch.nn.LazyConvTranspose2d	519	0	519	140	62	112	205	0	0	0	0	278	36	205
torch.nn.LazyConvTranspose3d	491	0	491	85	59	148	199	0	0	0	0	264	28	199
torch.nn.LazyInstanceNorm1d	593	0	593	132	143	116	202	0	0	0	0	349	42	202
torch.nn.LazyInstanceNorm2d	384	0	384	25	74	68	217	0	0	0	0	164	3	217
torch.nn.LazyInstanceNorm3d	670	0	670	214	186	63	207	0	0	0	0	430	33	207
torch.nn.LazyLinear	678	0	678	153	127	188	203	0	0	7	0	396	79	203
torch.nn.LeakyReLU	645	0	645	161	131	148	205	0	0	0	0	392	48	205
torch.nn.Linear	526	0	526	80	143	98	205	0	0	0	0	319	2	205
torch.nn.LocalResponseNorm	427	0	427	121	42	47	217	0	0	0	0	175	35	217
torch.nn.LogSigmoid	501	0	501	174	47	66	214	0	0	0	0	277	10	214
torch.nn.LogSoftmax	355	0	355	67	58	28	202	0	0	0	0	145	8	202
torch.nn.MSELoss	417	0	417	67	101	42	207	0	0	0	0	187	23	207
torch.nn.MarginRankingLoss	479	0	479	89	98	87	205	0	0	0	0	230	44	205
torch.nn.MaxPool1d	481	0	481	98	40	131	212	0	0	0	0	244	25	212
torch.nn.MaxPool2d	449	0	449	64	116	68	201	0	0	0	0	205	43	201
torch.nn.MaxPool3d	513	0	513	105	63	136	209	0	0	0	0	301	3	209
torch.nn.MaxUnpool1d	3479	0	3479	2058	672	544	205	0	0	0	0	3057	217	205
torch.nn.MaxUnpool2d	914	0	914	417	144	139	214	0	0	0	0	641	59	214
torch.nn.MaxUnpool3d	676	0	676	293	101	59	223	0	0	0	0	426	27	223
torch.nn.Mish	816	0	816	225	210	158	223	0	0	0	0	505	88	223
torch.nn.Module	44	0	44	3	34	5	2	0	0	0	0	37	5	2
torch.nn.ModuleDict	326	0	326	36	152	32	106	0	0	0	0	194	26	106
torch.nn.ModuleList	479	0	479	49	174	45	211	0	0	0	0	244	24	211
torch.nn.MultiLabelMarginLoss	586	0	586	160	117	108	201	0	0	0	0	337	48	201
torch.nn.MultiLabelSoftMarginLoss	411	0	411	108	51	47	205	0	0	0	0	184	22	205
torch.nn.MultiMarginLoss	609	0	609	150	117	122	220	0	0	0	0	340	49	220
torch.nn.MultiheadAttention	494	0	494	105	80	105	204	0	0	0	0	281	9	204
torch.nn.NLLLoss	460	0	460	70	101	78	211	0	0	0	0	210	39	211
torch.nn.PReLU	401	0	401	106	49	40	206	0	0	0	0	170	25	206
torch.nn.PairwiseDistance	468	0	468	133	51	67	217	0	0	0	0	207	44	217
torch.nn.ParameterDict	638	0	638	39	280	113	206	0	0	0	0	401	31	206
torch.nn.ParameterList	728	0	728	27	401	96	204	0	0	0	0	499	25	204
torch.nn.PixelShuffle	541	0	541	97	71	165	208	0	0	0	0	299	34	208
torch.nn.PixelUnshuffle	484	0	484	68	144	68	204	0	0	0	0	240	40	204
torch.nn.PoissonNLLLoss	639	0	639	173	185	77	204	0	0	0	0	350	85	204
torch.nn.RNN	1185	0	1185	453	345	183	204	0	0	0	0	934	47	204
torch.nn.RNNBase	891	0	891	224	245	220	201	0	0	1	0	672	18	201
torch.nn.RNNCell	1134	0	1134	362	312	260	200	0	0	0	0	878	56	200
torch.nn.RReLU	480	0	480	82	84	110	204	0	0	0	0	236	40	204
torch.nn.ReLU	724	0	724	121	178	213	212	0	0	0	0	492	20	212
torch.nn.ReLU6	451	0	451	27	98	118	208	0	0	0	0	234	9	208
torch.nn.ReflectionPad1d	766	0	766	164	196	203	203	0	0	0	0	531	32	203
torch.nn.ReflectionPad2d	354	0	354	39	61	47	207	0	0	0	0	144	3	207
torch.nn.ReflectionPad3d	661	0	661	167	164	130	200	0	0	0	0	450	11	200
torch.nn.ReplicationPad1d	597	0	597	123	95	174	205	0	0	0	0	375	17	205
torch.nn.ReplicationPad2d	538	0	538	141	78	117	202	0	0	0	0	313	23	202
torch.nn.ReplicationPad3d	643	0	643	193	167	157	126	0	0	0	0	479	38	126
torch.nn.SELU	429	0	429	82	82	56	209	0	0	0	0	178	42	209
torch.nn.Sequential	638	0	638	63	262	112	201	0	0	0	0	420	17	201
torch.nn.SiLU	410	0	410	81	66	54	209	0	0	0	0	135	66	209
torch.nn.Sigmoid	432	0	432	107	91	25	209	0	0	0	0	204	19	209
torch.nn.SmoothL1Loss	397	0	397	80	56	47	214	0	0	0	0	133	50	214
torch.nn.SoftMarginLoss	662	0	662	246	117	99	200	0	0	0	0	446	16	200
torch.nn.Softmax	732	0	732	180	144	202	206	0	0	0	0	439	87	206
torch.nn.Softmax2d	496	0	496	157	56	73	210	0	0	0	0	271	15	210
torch.nn.Softmin	1051	0	1051	201	278	339	233	0	0	0	0	667	151	233
torch.nn.Softplus	502	0	502	140	66	75	221	0	0	0	0	255	26	221
torch.nn.Softshrink	930	0	930	405	190	128	207	0	0	0	0	619	104	207
torch.nn.Softsign	318	0	318	68	31	11	208	0	0	0	0	65	45	208
torch.nn.SyncBatchNorm	484	0	484	53	109	117	205	0	0	0	0	253	26	205
torch.nn.Tanh	285	0	285	35	27	15	208	0	0	0	0	59	18	208
torch.nn.Tanhshrink	397	0	397	66	63	63	205	0	0	0	0	158	34	205
torch.nn.Threshold	784	0	784	244	224	109	207	0	0	0	0	499	78	207
torch.nn.Transformer	114	0	114	26	28	41	19	0	0	0	0	89	6	19
torch.nn.TransformerDecoderLayer	740	0	740	176	206	140	218	0	0	0	0	515	7	218
torch.nn.TransformerEncoderLayer	582	0	582	130	108	142	202	0	0	0	0	337	43	202
torch.nn.TripletMarginLoss	505	0	505	39	216	50	200	0	0	0	0	303	2	200
torch.nn.TripletMarginWithDistanceLoss	1168	0	1168	791	110	58	209	0	0	0	0	928	31	209
torch.nn.Unfold	625	0	625	205	123	96	201	0	0	0	0	391	33	201
torch.nn.Upsample	690	0	690	150	150	189	201	0	0	0	0	421	68	201
torch.nn.UpsamplingBilinear2d	944	0	944	169	214	356	205	0	0	0	0	698	41	205
torch.nn.UpsamplingNearest2d	580	0	580	74	145	160	201	0	0	0	0	312	67	201
torch.nn.ZeroPad2d	485	0	485	119	100	51	215	0	0	0	0	257	13	215
torch.nn.functional.adaptive_avg_pool1d	774	0	774	280	132	158	204	0	0	0	0	499	71	204
torch.nn.functional.adaptive_avg_pool2d	563	0	563	174	110	77	202	0	0	0	0	335	26	202
torch.nn.functional.adaptive_avg_pool3d	676	0	676	160	196	116	204	0	0	0	0	428	44	204
torch.nn.functional.adaptive_max_pool1d	482	0	482	158	76	48	200	0	0	0	0	268	14	200
torch.nn.functional.adaptive_max_pool2d	690	0	690	195	165	128	202	0	0	0	0	444	44	202
torch.nn.functional.adaptive_max_pool3d	561	0	561	147	108	101	205	0	0	0	0	324	32	205
torch.nn.functional.affine_grid	665	0	665	166	179	126	194	0	0	0	0	425	46	194
torch.nn.functional.alpha_dropout	449	0	449	76	54	119	200	0	0	0	0	241	8	200
torch.nn.functional.avg_pool1d	383	0	383	78	44	54	207	0	0	0	0	155	21	207
torch.nn.functional.avg_pool2d	486	0	486	157	36	87	206	0	0	0	0	250	30	206
torch.nn.functional.avg_pool3d	498	0	498	74	104	113	207	0	0	0	0	265	26	207
torch.nn.functional.batch_norm	576	0	576	144	105	126	201	0	0	0	0	364	11	201
torch.nn.functional.bilinear	1789	0	1789	1007	216	365	201	0	0	0	0	1406	182	201
torch.nn.functional.binary_cross_entropy	966	0	966	120	331	312	203	0	0	0	0	581	182	203
torch.nn.functional.binary_cross_entropy_with_logits	443	0	443	68	74	92	209	0	0	0	0	206	28	209
torch.nn.functional.celu	560	0	560	119	119	102	220	0	0	0	0	308	32	220
torch.nn.functional.conv1d	533	0	533	174	67	77	215	0	0	0	0	275	43	215
torch.nn.functional.conv2d	560	0	560	206	71	83	200	0	0	0	0	349	11	200
torch.nn.functional.conv3d	604	0	604	236	69	98	201	0	0	0	0	368	35	201
torch.nn.functional.conv_transpose1d	353	0	353	104	18	31	200	0	0	0	0	144	9	200
torch.nn.functional.conv_transpose2d	490	0	490	173	58	57	202	0	0	0	0	275	13	202
torch.nn.functional.conv_transpose3d	729	0	729	350	83	94	202	0	0	0	0	493	34	202
torch.nn.functional.cosine_embedding_loss	541	0	541	129	89	119	204	0	0	0	0	257	80	204
torch.nn.functional.cosine_similarity	695	0	695	220	188	76	211	0	0	0	0	455	29	211
torch.nn.functional.cross_entropy	1138	0	1138	187	283	461	207	0	0	0	0	818	113	207
torch.nn.functional.ctc_loss	489	0	489	94	91	100	204	0	0	0	0	252	33	204
torch.nn.functional.dropout	541	0	541	70	169	100	202	0	0	0	0	314	25	202
torch.nn.functional.dropout2d	462	0	462	64	106	87	205	0	0	0	0	224	33	205
torch.nn.functional.dropout3d	467	0	467	68	111	87	201	0	0	0	0	229	37	201
torch.nn.functional.elu	597	0	597	79	152	161	205	0	0	0	0	352	40	205
torch.nn.functional.elu_	514	0	514	80	110	109	215	0	0	0	0	235	64	215
torch.nn.functional.embedding	721	0	721	207	64	250	200	0	0	0	0	482	39	200
torch.nn.functional.embedding_bag	2407	0	2407	994	814	391	208	0	0	0	0	2072	127	208
torch.nn.functional.feature_alpha_dropout	673	0	673	278	135	60	200	0	0	0	0	442	31	200
torch.nn.functional.fold	1641	0	1641	812	370	258	201	0	0	0	0	1348	92	201
torch.nn.functional.fractional_max_pool2d	661	0	661	171	105	183	202	0	0	0	0	424	35	202
torch.nn.functional.fractional_max_pool3d	516	0	516	126	118	68	204	0	0	0	0	250	62	204
torch.nn.functional.gaussian_nll_loss	992	0	992	245	140	398	209	0	0	0	0	710	73	209
torch.nn.functional.gelu	348	0	348	28	81	32	207	0	0	0	0	128	13	207
torch.nn.functional.glu	495	0	495	192	47	55	201	0	0	0	0	277	17	201
torch.nn.functional.grid_sample	903	0	903	352	266	82	203	0	0	0	0	669	31	203
torch.nn.functional.group_norm	782	0	782	272	133	175	202	0	0	0	0	541	39	202
torch.nn.functional.gumbel_softmax	405	0	405	64	84	53	204	0	0	0	0	182	19	204
torch.nn.functional.hardshrink	520	0	520	164	103	46	207	0	0	0	0	295	18	207
torch.nn.functional.hardsigmoid	600	0	600	73	147	176	204	0	0	0	0	313	83	204
torch.nn.functional.hardswish	386	0	386	67	59	52	208	0	0	0	0	140	38	208
torch.nn.functional.hardtanh	754	0	754	221	199	115	219	0	0	0	0	450	85	219
torch.nn.functional.hardtanh_	439	0	439	90	81	54	214	0	0	0	0	185	40	214
torch.nn.functional.hinge_embedding_loss	562	0	562	94	126	137	205	0	0	0	0	313	44	205
torch.nn.functional.huber_loss	350	0	350	58	26	55	211	0	0	0	0	99	40	211
torch.nn.functional.instance_norm	610	0	610	192	72	133	213	0	0	0	0	366	31	213
torch.nn.functional.interpolate	618	0	618	37	104	274	203	0	0	0	0	375	40	203
torch.nn.functional.kl_div	484	0	484	104	131	45	204	0	0	0	0	265	15	204
torch.nn.functional.l1_loss	473	0	473	42	69	158	204	0	0	0	0	224	45	204
torch.nn.functional.layer_norm	732	0	732	192	98	240	202	0	0	0	0	485	45	202
torch.nn.functional.leaky_relu	312	0	312	48	39	18	207	0	0	0	0	92	13	207
torch.nn.functional.leaky_relu_	663	0	663	138	113	210	202	0	0	0	0	354	107	202
torch.nn.functional.linear	738	0	738	191	124	221	202	0	0	0	0	499	37	202
torch.nn.functional.local_response_norm	579	0	579	158	125	94	202	0	0	0	0	314	63	202
torch.nn.functional.log_softmax	306	0	306	35	129	80	62	0	0	0	0	203	41	62
torch.nn.functional.logsigmoid	559	0	559	81	130	143	205	0	0	0	0	220	134	205
torch.nn.functional.lp_pool1d	753	0	753	239	207	92	215	0	0	0	0	492	46	215
torch.nn.functional.lp_pool2d	819	0	819	263	257	96	203	0	0	0	0	538	78	203
torch.nn.functional.margin_ranking_loss	397	0	397	85	40	64	208	0	0	0	0	161	28	208
torch.nn.functional.max_pool1d	595	0	595	164	127	98	206	0	0	0	0	338	51	206
torch.nn.functional.max_pool2d	448	0	448	83	62	91	212	0	0	0	0	225	11	212
torch.nn.functional.max_pool3d	611	0	611	109	170	126	206	0	0	0	0	368	37	206
torch.nn.functional.max_unpool1d	674	0	674	225	85	138	226	0	0	0	0	427	21	226
torch.nn.functional.max_unpool2d	452	0	452	113	40	90	209	0	0	0	0	218	25	209
torch.nn.functional.max_unpool3d	502	0	502	118	59	117	208	0	0	0	0	257	37	208
torch.nn.functional.mish	582	0	582	79	158	141	204	0	0	0	0	329	49	204
torch.nn.functional.mse_loss	371	0	371	77	47	46	201	0	0	0	0	160	10	201
torch.nn.functional.multi_margin_loss	720	0	720	218	154	140	208	0	0	0	0	480	32	208
torch.nn.functional.multilabel_margin_loss	1334	0	1334	394	279	433	228	0	0	0	0	1022	84	228
torch.nn.functional.multilabel_soft_margin_loss	655	0	655	191	127	135	202	0	0	0	0	362	91	202
torch.nn.functional.nll_loss	743	0	743	150	194	195	204	0	0	0	0	439	100	204
torch.nn.functional.normalize	465	0	465	124	71	61	209	0	0	0	0	245	11	209
torch.nn.functional.one_hot	549	0	549	164	80	101	204	0	0	0	0	338	7	204
torch.nn.functional.pad	825	0	825	140	311	167	207	0	0	0	0	576	42	207
torch.nn.functional.pairwise_distance	667	0	667	190	118	159	200	0	0	0	0	417	50	200
torch.nn.functional.pdist	490	0	490	134	73	78	205	0	0	0	0	268	17	205
torch.nn.functional.pixel_shuffle	736	0	736	177	181	174	204	0	0	0	0	513	19	204
torch.nn.functional.pixel_unshuffle	597	0	597	97	182	100	218	0	0	0	0	349	30	218
torch.nn.functional.poisson_nll_loss	873	0	873	223	302	148	200	0	0	0	0	569	104	200
torch.nn.functional.prelu	592	0	592	131	104	150	207	0	0	0	0	342	43	207
torch.nn.functional.relu	353	0	353	48	72	23	210	0	0	0	0	133	10	210
torch.nn.functional.relu6	560	0	560	93	157	104	206	0	0	0	0	316	38	206
torch.nn.functional.relu_	444	0	444	44	114	74	212	0	0	0	0	178	54	212
torch.nn.functional.rrelu	503	0	503	113	99	87	204	0	0	0	0	257	42	204
torch.nn.functional.rrelu_	768	0	768	222	198	135	213	0	0	0	0	513	42	213
torch.nn.functional.selu	432	0	432	96	110	25	201	0	0	0	0	223	8	201
torch.nn.functional.sigmoid	318	0	318	25	39	39	215	0	0	0	0	94	9	215
torch.nn.functional.silu	382	0	382	63	69	29	221	0	0	0	0	132	29	221
torch.nn.functional.smooth_l1_loss	411	0	411	51	80	62	218	0	0	0	0	162	31	218
torch.nn.functional.soft_margin_loss	749	0	749	162	73	308	206	0	0	0	0	513	30	206
torch.nn.functional.softmax	496	0	496	96	93	102	205	0	0	0	0	239	52	205
torch.nn.functional.softmin	558	0	558	127	97	121	213	0	0	0	0	330	15	213
torch.nn.functional.softplus	469	0	469	68	78	91	232	0	0	0	0	139	98	232
torch.nn.functional.softshrink	348	0	348	64	49	30	205	0	0	0	0	141	2	205
torch.nn.functional.softsign	418	0	418	96	44	71	207	0	0	0	0	138	73	207
torch.nn.functional.tanh	683	0	683	100	210	159	214	0	0	0	0	406	63	214
torch.nn.functional.tanhshrink	965	0	965	314	293	131	227	0	0	0	0	656	82	227
torch.nn.functional.threshold	515	0	515	131	142	41	201	0	0	0	0	274	40	201
torch.nn.functional.threshold_	470	0	470	146	78	39	207	0	0	0	0	228	35	207
torch.nn.functional.triplet_margin_loss	607	0	607	74	280	50	203	0	0	0	0	336	68	203
torch.nn.functional.triplet_margin_with_distance_loss	579	0	579	100	193	84	202	0	0	0	0	349	28	202
torch.nn.functional.unfold	501	0	501	129	61	107	204	0	0	0	0	266	31	204
torch.nn.functional.upsample	509	0	509	73	121	114	201	0	0	0	0	255	53	201
torch.nn.functional.upsample_bilinear	709	0	709	224	146	135	204	0	0	0	0	457	48	204
torch.nn.functional.upsample_nearest	417	0	417	78	78	61	200	0	0	0	0	191	26	200
torch.nn.init.calculate_gain	1013	0	1013	186	430	193	204	0	0	0	0	741	68	204
torch.nn.init.constant_	370	0	370	55	48	54	213	0	0	0	0	149	8	213
torch.nn.init.dirac_	857	0	857	318	170	157	212	0	0	0	0	542	103	212
torch.nn.init.eye_	837	0	837	325	145	165	202	0	0	0	0	512	123	202
torch.nn.init.kaiming_normal_	489	0	489	80	152	47	210	0	0	0	0	231	48	210
torch.nn.init.kaiming_uniform_	587	0	587	129	144	95	219	0	0	0	0	271	97	219
torch.nn.init.normal_	300	0	300	35	43	15	207	0	0	0	0	77	16	207
torch.nn.init.ones_	559	0	559	109	193	49	208	0	0	0	0	279	72	208
torch.nn.init.orthogonal_	592	0	592	124	181	85	202	0	0	0	0	321	69	202
torch.nn.init.sparse_	735	0	735	198	190	145	202	0	0	0	0	436	97	202
torch.nn.init.uniform_	412	0	412	75	103	29	205	0	0	0	0	166	41	205
torch.nn.init.xavier_normal_	482	0	482	79	120	83	200	0	0	0	0	233	49	200
torch.nn.init.xavier_uniform_	437	0	437	57	102	64	214	0	0	0	0	152	71	214
torch.nn.init.zeros_	460	0	460	105	89	66	200	0	0	0	0	186	74	200
torch.nn.parameter.Parameter	380	0	380	20	87	51	222	0	0	0	0	153	5	222
torch.nn.parameter.UninitializedBuffer	510	0	510	72	59	144	214	0	0	21	0	264	32	214
torch.nn.parameter.UninitializedParameter	805	0	805	123	213	251	213	0	0	5	0	496	96	213
torch.nn.utils.clip_grad_norm_	712	0	712	52	335	119	206	0	0	0	0	448	58	206
torch.nn.utils.clip_grad_value_	980	0	980	148	422	200	210	0	0	0	0	712	58	210
torch.nn.utils.parameters_to_vector	595	0	595	81	163	144	207	0	0	0	0	362	26	207
torch.nn.utils.parametrizations.orthogonal	902	0	902	79	452	143	228	0	0	0	0	552	122	228
torch.nn.utils.parametrizations.spectral_norm	513	0	513	84	145	84	200	0	0	0	0	261	52	200
torch.nn.utils.parametrize.cached	1472	0	1472	395	577	282	218	0	0	0	0	609	645	218
torch.nn.utils.parametrize.is_parametrized	593	0	593	121	96	173	203	0	0	0	0	368	22	203
torch.nn.utils.remove_spectral_norm	413	0	413	44	70	86	213	0	0	0	0	182	18	213
torch.nn.utils.remove_weight_norm	643	0	643	78	148	201	216	0	0	0	0	381	46	216
torch.nn.utils.rnn.PackedSequence	878	0	878	232	120	322	204	0	0	0	0	629	45	204
torch.nn.utils.rnn.pack_padded_sequence	774	0	774	230	164	176	204	0	0	0	0	515	55	204
torch.nn.utils.rnn.pack_sequence	553	0	553	53	110	178	212	0	0	0	0	332	9	212
torch.nn.utils.rnn.pad_packed_sequence	467	0	467	63	108	95	201	0	0	0	0	260	6	201
torch.nn.utils.rnn.pad_sequence	439	0	439	44	154	35	206	0	0	0	0	186	47	206
torch.nn.utils.skip_init	2272	0	2272	1000	621	446	204	0	0	1	0	1806	262	204
torch.nn.utils.spectral_norm	586	0	586	105	130	149	202	0	0	0	0	361	23	202
torch.nn.utils.vector_to_parameters	965	0	965	255	320	190	200	0	0	0	0	660	105	200
torch.nn.utils.weight_norm	750	0	750	168	168	209	205	0	0	0	0	512	33	205
torch.no_grad	317	0	317	19	46	51	201	0	0	0	0	81	35	201
torch.nonzero	568	0	568	77	146	140	205	0	0	0	0	302	61	205
torch.norm	493	0	493	89	123	78	203	0	0	0	0	273	17	203
torch.normal	462	0	462	100	67	95	200	0	0	0	0	253	9	200
torch.not_equal	512	0	512	119	114	76	203	0	0	0	0	251	58	203
torch.numel	376	0	376	70	63	36	207	0	0	0	0	126	43	207
torch.ones	503	0	503	91	173	36	203	0	0	0	0	249	51	203
torch.ones_like	349	0	349	39	63	25	222	0	0	0	0	112	15	222
torch.onnx.is_in_onnx_export	548	0	548	167	112	58	211	0	0	0	0	287	50	211
torch.onnx.register_custom_op_symbolic	589	0	589	48	278	61	202	0	0	0	0	347	40	202
torch.onnx.select_model_mode_for_export	741	0	741	54	338	140	209	0	0	0	0	516	16	209
torch.optim.ASGD	154	0	154	15	88	25	26	0	0	0	0	113	15	26
torch.optim.Adadelta	364	0	364	38	93	22	211	0	0	0	0	122	31	211
torch.optim.Adagrad	491	0	491	66	149	67	209	0	0	0	0	237	45	209
torch.optim.Adam	515	0	515	30	240	36	209	0	0	0	0	280	26	209
torch.optim.AdamW	624	0	624	33	326	62	203	0	0	0	0	405	16	203
torch.optim.Adamax	634	0	634	145	143	135	211	0	0	0	0	399	24	211
torch.optim.LBFGS	529	0	529	42	141	138	208	0	0	0	0	255	66	208
torch.optim.NAdam	717	0	717	144	262	107	204	0	0	0	0	491	22	204
torch.optim.Optimizer	691	0	691	38	215	236	202	0	0	0	0	451	38	202
torch.optim.RAdam	467	0	467	32	215	20	200	0	0	0	0	251	16	200
torch.optim.RMSprop	670	0	670	107	153	202	208	0	0	0	0	448	14	208
torch.optim.Rprop	787	0	787	208	216	160	203	0	0	0	0	503	81	203
torch.optim.SGD	537	0	537	26	265	32	214	0	0	0	0	297	26	214
torch.optim.SparseAdam	568	0	568	87	193	84	204	0	0	0	0	298	66	204
torch.optim.lr_scheduler.ChainedScheduler	378	0	378	24	155	38	161	0	0	0	0	194	23	161
torch.optim.lr_scheduler.ConstantLR	426	0	426	40	118	53	215	0	0	0	0	208	3	215
torch.optim.lr_scheduler.CosineAnnealingLR	571	0	571	33	216	120	202	0	0	0	0	335	34	202
torch.optim.lr_scheduler.CosineAnnealingWarmRestarts	705	0	705	117	264	99	225	0	0	0	0	408	72	225
torch.optim.lr_scheduler.CyclicLR	449	0	449	63	135	49	202	0	0	0	0	237	10	202
torch.optim.lr_scheduler.ExponentialLR	540	0	540	43	230	56	211	0	0	0	0	287	42	211
torch.optim.lr_scheduler.LambdaLR	453	0	453	42	150	49	212	0	0	0	0	224	17	212
torch.optim.lr_scheduler.LinearLR	632	0	632	70	253	102	207	0	0	0	0	387	38	207
torch.optim.lr_scheduler.MultiStepLR	689	0	689	20	436	31	202	0	0	0	0	464	23	202
torch.optim.lr_scheduler.MultiplicativeLR	389	0	389	20	88	79	202	0	0	0	0	163	24	202
torch.optim.lr_scheduler.OneCycleLR	597	0	597	43	201	141	212	0	0	0	0	332	53	212
torch.optim.lr_scheduler.ReduceLROnPlateau	541	0	541	43	254	35	209	0	0	0	0	297	35	209
torch.optim.lr_scheduler.SequentialLR	892	0	892	137	421	125	209	0	0	0	0	623	60	209
torch.optim.lr_scheduler.StepLR	632	0	632	43	292	96	201	0	0	0	0	384	47	201
torch.orgqr	651	0	651	181	89	173	208	0	0	0	0	392	51	208
torch.ormqr	591	0	591	197	58	130	206	0	0	0	0	357	28	206
torch.outer	732	0	732	183	177	171	201	0	0	0	0	462	69	201
torch.overrides.get_ignored_functions	627	0	627	55	299	50	223	0	0	0	0	364	40	223
torch.overrides.get_overridable_functions	457	0	457	50	163	33	211	0	0	0	0	223	23	211
torch.overrides.get_testing_overrides	491	0	491	17	219	46	209	0	0	0	0	240	42	209
torch.overrides.handle_torch_function	611	0	611	81	116	208	206	0	0	0	0	395	10	206
torch.overrides.has_torch_function	778	0	778	101	195	275	207	0	0	0	0	538	33	207
torch.overrides.is_tensor_like	661	0	661	146	176	135	204	0	0	0	0	440	17	204
torch.overrides.is_tensor_method_or_property	787	0	787	156	263	168	200	0	0	0	0	516	71	200
torch.overrides.wrap_torch_function	838	0	838	195	311	109	223	0	0	0	0	335	280	223
torch.package.Directory	630	0	630	96	280	50	204	0	0	0	0	347	79	204
torch.package.EmptyMatchError	705	0	705	103	253	141	208	0	0	0	0	400	97	208
torch.package.PackageExporter	1439	1	1438	32	412	786	208	1	0	0	1	1133	97	208
torch.package.PackageImporter	310	0	310	18	48	35	209	0	0	0	0	90	4	216
torch.package.PackagingError	320	0	320	2	39	49	230	0	0	0	0	66	24	230
torch.pca_lowrank	903	0	903	196	182	322	203	0	0	0	0	645	55	203
torch.permute	712	0	712	181	190	133	208	0	0	0	0	483	21	208
torch.pinverse	465	0	465	85	70	107	203	0	0	0	0	215	47	203
torch.poisson	419	0	419	111	53	36	219	0	0	0	0	195	5	219
torch.polar	566	0	566	207	106	53	200	0	0	0	0	325	41	200
torch.polygamma	918	0	918	304	296	116	202	0	0	0	0	643	73	202
torch.positive	543	0	543	169	81	82	211	0	0	0	0	297	35	211
torch.pow	325	0	325	32	61	21	211	0	0	0	0	100	14	211
torch.prod	302	0	302	44	20	21	217	0	0	0	0	77	8	217
torch.profiler.ProfilerAction	260	0	260	53	146	58	3	0	0	0	0	182	75	3
torch.profiler.profile	459	0	459	65	99	85	210	0	0	0	0	244	5	210
torch.profiler.schedule	315	0	315	91	121	18	85	0	0	0	0	197	33	85
torch.profiler.tensorboard_trace_handler	568	0	568	73	204	86	205	0	0	0	0	317	46	205
torch.promote_types	817	0	817	269	135	207	206	0	0	0	0	556	55	206
torch.qr	984	0	984	267	165	346	206	0	0	0	0	668	110	206
torch.quantile	758	0	758	215	247	96	200	0	0	0	0	519	39	200
torch.quantize_per_channel	539	0	539	128	137	68	206	0	0	0	0	303	30	206
torch.quantize_per_tensor	635	0	635	127	154	151	203	0	0	0	0	393	39	203
torch.quantized_batch_norm	1133	0	1133	228	346	349	210	0	0	0	0	899	24	210
torch.quantized_max_pool1d	748	0	748	196	178	171	203	0	0	0	0	518	27	203
torch.quantized_max_pool2d	171	0	171	28	55	27	61	0	0	0	0	105	5	61
torch.quasirandom.SobolEngine	747	0	747	183	211	147	206	0	0	0	0	492	49	206
torch.rad2deg	602	0	602	123	208	76	195	0	0	0	0	365	42	195
torch.rand	464	0	464	93	85	85	201	0	0	0	0	226	37	201
torch.rand_like	549	0	549	125	141	63	220	0	0	0	0	280	49	220
torch.randint	548	0	548	48	213	79	208	0	0	0	0	308	32	208
torch.randint_like	394	0	394	64	93	36	201	0	0	0	0	187	6	201
torch.randn	322	0	322	41	39	14	228	0	0	0	0	58	36	228
torch.randn_like	303	0	303	60	138	31	74	0	0	0	0	226	3	74
torch.random.fork_rng	475	0	475	46	106	100	223	0	0	0	0	210	42	223
torch.random.get_rng_state	703	0	703	91	197	215	200	0	0	0	0	480	23	200
torch.random.initial_seed	498	0	498	76	146	68	208	0	0	0	0	245	45	208
torch.random.manual_seed	327	0	327	36	57	27	207	0	0	0	0	104	16	207
torch.random.seed	421	0	421	24	171	21	205	0	0	0	0	198	18	205
torch.random.set_rng_state	456	0	456	103	47	87	219	0	0	0	0	175	62	219
torch.randperm	442	0	442	66	99	59	218	0	0	0	0	191	33	218
torch.range	613	0	613	183	167	41	222	0	0	0	0	385	6	222
torch.ravel	799	0	799	281	187	126	205	0	0	0	0	525	69	205
torch.real	316	0	316	26	62	28	200	0	0	0	0	105	11	200
torch.reciprocal	580	0	580	149	135	62	234	0	0	0	0	278	68	234
torch.remainder	398	0	398	81	74	37	206	0	0	0	0	175	17	206
torch.renorm	360	0	360	79	47	26	208	0	0	0	0	137	15	208
torch.repeat_interleave	722	0	722	163	289	69	201	0	0	0	0	456	65	201
torch.reshape	344	0	344	76	30	22	216	0	0	0	0	123	5	216
torch.resolve_conj	519	0	519	90	158	61	210	0	0	0	0	290	19	210
torch.resolve_neg	282	0	282	32	23	20	207	0	0	0	0	68	7	207
torch.result_type	402	0	402	69	81	44	208	0	0	0	0	187	7	208
torch.roll	688	0	688	189	234	45	220	0	0	0	0	458	10	220
torch.rot90	203	0	203	75	72	20	36	0	0	0	0	143	24	36
torch.round	415	0	415	114	72	29	200	0	0	0	0	208	7	200
torch.row_stack	883	0	883	359	193	120	211	0	0	0	0	602	70	211
torch.rsqrt	749	0	749	149	165	231	204	0	0	0	0	448	97	204
torch.save	425	0	425	62	88	63	212	0	0	0	0	203	10	212
torch.scatter	370	0	370	70	25	64	211	0	0	0	0	147	12	211
torch.scatter_add	793	0	793	276	97	209	211	0	0	0	0	478	104	211
torch.searchsorted	538	0	538	107	134	86	210	0	0	1	0	309	19	210
torch.seed	650	0	650	133	223	81	213	0	0	0	0	243	194	213
torch.set_default_dtype	613	0	613	33	243	129	208	0	0	0	0	379	26	208
torch.set_default_tensor_type	526	0	526	48	106	170	202	0	0	0	0	247	77	202
torch.set_flush_denormal	349	0	349	41	62	45	201	0	0	0	0	115	33	201
torch.set_num_interop_threads	2106	0	2106	190	635	1207	73	0	0	1	0	1731	302	73
torch.set_num_threads	1465	0	1465	185	833	247	200	0	0	0	0	1154	111	200
torch.set_printoptions	356	0	356	78	42	33	203	0	0	0	0	126	27	203
torch.set_rng_state	610	0	610	74	243	79	214	0	0	0	0	362	34	214
torch.set_warn_always	414	0	414	66	56	92	200	0	0	0	0	208	6	200
torch.sgn	499	0	499	92	63	130	214	0	0	0	0	202	83	214
torch.sigmoid	465	0	465	91	100	44	230	0	0	0	0	205	30	230
torch.sign	454	0	454	67	71	107	209	0	0	0	0	210	35	209
torch.signbit	599	0	599	134	135	121	209	0	0	0	0	382	8	209
torch.sin	382	0	382	54	91	36	201	0	0	0	0	136	45	201
torch.sinc	353	0	353	53	47	34	219	0	0	0	0	124	10	219
torch.sinh	325	0	325	41	42	25	217	0	0	0	0	88	20	217
torch.slogdet	1405	0	1405	399	390	413	203	0	0	0	0	1062	140	203
torch.smm	1615	0	1615	330	176	908	201	0	0	0	0	1264	150	201
torch.sort	462	0	462	56	98	106	202	0	0	0	0	249	11	202
torch.sparse.addmm	1031	0	1031	604	92	129	206	0	0	0	0	807	18	206
torch.sparse.log_softmax	581	0	581	90	104	185	202	0	0	0	0	357	22	202
torch.sparse.mm	901	8	893	200	130	358	205	0	8	0	8	645	43	205
torch.sparse.softmax	638	0	638	156	105	168	209	0	0	0	0	402	27	209
torch.sparse.sum	1031	0	1031	237	318	273	203	0	0	0	0	793	35	203
torch.sparse_coo_tensor	636	0	636	112	116	198	210	0	0	0	0	396	30	210
torch.sparse_csr_tensor	841	25	816	192	161	259	201	0	25	3	25	572	43	201
torch.special.digamma	595	0	595	193	99	99	204	0	0	0	0	293	98	204
torch.special.entr	475	0	475	102	121	48	204	0	0	0	0	234	37	204
torch.special.erf	380	0	380	63	68	49	200	0	0	0	0	131	49	200
torch.special.erfc	392	0	392	52	67	73	200	0	0	0	0	164	28	200
torch.special.erfcx	468	0	468	114	83	63	208	0	0	0	0	227	33	208
torch.special.erfinv	613	0	613	120	72	206	215	0	0	0	0	385	13	215
torch.special.exp2	691	0	691	135	133	220	203	0	0	0	0	412	76	203
torch.special.expit	383	0	383	36	80	62	205	0	0	0	0	128	50	205
torch.special.expm1	360	0	360	44	46	39	231	0	0	0	0	94	35	231
torch.special.gammainc	708	0	708	199	227	82	200	0	0	0	0	443	65	200
torch.special.gammaincc	803	0	803	156	236	203	208	0	0	0	0	561	34	208
torch.special.gammaln	294	0	294	35	35	13	211	0	0	0	0	69	14	211
torch.special.i0	548	0	548	136	112	94	206	0	0	0	0	277	65	206
torch.special.i0e	662	0	662	216	141	104	201	0	0	0	0	411	50	201
torch.special.i1	312	0	312	21	70	10	211	0	0	0	0	96	5	211
torch.special.i1e	774	0	774	260	181	127	206	0	0	0	0	524	44	206
torch.special.log1p	400	0	400	44	63	89	204	0	0	0	0	155	41	204
torch.special.log_softmax	553	0	553	194	79	77	203	0	0	0	0	320	30	203
torch.special.logit	685	0	685	173	177	127	208	0	0	0	0	394	83	208
torch.special.logsumexp	320	0	320	48	39	22	211	0	0	0	0	94	15	211
torch.special.multigammaln	628	0	628	220	117	83	208	0	0	0	0	343	77	208
torch.special.ndtr	776	0	776	217	128	224	207	0	0	0	0	489	80	207
torch.special.ndtri	855	0	855	151	114	384	206	0	0	0	0	606	43	206
torch.special.polygamma	721	0	721	211	173	131	206	0	0	0	0	431	84	206
torch.special.psi	348	0	348	96	98	29	125	0	0	0	0	186	37	125
torch.special.round	589	0	589	117	116	152	204	0	0	0	0	333	52	204
torch.special.sinc	516	0	516	78	110	126	202	0	0	0	0	229	85	202
torch.special.xlog1py	314	0	314	39	25	44	206	0	0	0	0	87	21	206
torch.special.xlogy	746	0	746	111	148	281	206	0	0	0	0	512	28	206
torch.special.zeta	410	0	410	92	69	46	203	0	0	0	0	199	8	203
torch.split	521	0	521	129	64	123	205	0	0	0	0	280	36	205
torch.sqrt	430	0	430	114	90	23	203	0	0	0	0	223	4	203
torch.square	373	0	373	64	61	35	213	0	0	0	0	106	54	213
torch.squeeze	471	0	471	72	135	50	214	0	0	0	0	229	28	214
torch.stack	493	0	493	108	89	89	207	0	0	0	0	261	25	207
torch.std	618	0	618	151	152	106	209	0	0	0	0	320	89	209
torch.std_mean	759	0	759	154	259	141	205	0	0	0	0	475	79	205
torch.stft	528	0	528	88	109	123	208	0	0	0	0	306	14	208
torch.sub	359	0	359	25	106	26	202	0	0	0	0	145	12	202
torch.subtract	362	0	362	73	52	35	202	0	0	0	0	114	46	202
torch.sum	537	0	537	130	140	62	205	0	0	0	0	295	37	205
torch.svd	603	0	603	217	103	77	206	0	0	0	0	338	59	206
torch.svd_lowrank	965	0	965	419	161	184	201	0	0	0	0	648	116	201
torch.swapaxes	435	0	435	100	66	50	219	0	0	0	0	191	25	219
torch.swapdims	551	0	551	171	123	53	204	0	0	0	0	299	48	204
torch.t	446	0	446	128	53	62	203	0	0	0	0	198	45	203
torch.take	651	0	651	162	207	60	222	0	0	0	0	385	44	222
torch.take_along_dim	680	0	680	150	154	166	210	0	0	0	0	446	24	210
torch.tan	455	0	455	80	87	72	216	0	0	0	0	175	64	216
torch.tanh	674	0	674	132	156	180	206	0	0	0	0	314	154	206
torch.tensor	282	0	282	34	23	8	217	0	0	0	0	63	2	217
torch.tensor_split	466	0	466	90	130	42	204	0	0	0	0	224	38	204
torch.tensordot	553	0	553	144	78	127	203	0	0	1	0	330	20	203
torch.testing.assert_close	687	0	687	95	183	191	218	0	0	0	0	439	30	218
torch.testing.make_tensor	467	0	467	58	139	68	202	0	0	0	0	247	18	202
torch.tile	909	0	909	299	312	90	208	0	0	0	0	631	70	208
torch.topk	607	0	607	96	245	47	219	0	0	0	0	368	20	219
torch.trace	724	0	724	252	142	127	203	0	0	0	0	448	73	203
torch.transpose	530	0	530	110	178	33	209	0	0	0	0	297	24	209
torch.trapezoid	797	0	797	373	115	83	226	0	0	0	0	483	88	226
torch.trapz	578	0	578	143	151	77	207	0	0	0	0	338	33	207
torch.triangular_solve	201	0	201	61	47	51	42	0	0	0	0	149	10	42
torch.tril	478	0	478	114	88	76	200	0	0	0	0	250	28	200
torch.tril_indices	421	0	421	78	85	57	201	0	0	0	0	198	22	201
torch.triu	691	0	691	203	163	123	202	0	0	0	0	441	48	202
torch.triu_indices	462	0	462	108	103	47	204	0	0	0	0	231	27	204
torch.true_divide	409	0	409	77	64	56	212	0	0	0	0	179	18	212
torch.trunc	806	0	806	295	181	128	202	0	0	0	0	472	131	203
torch.unbind	590	0	590	159	135	81	215	0	0	0	0	339	36	215
torch.unique	545	0	545	120	137	82	206	0	0	0	0	300	39	206
torch.unique_consecutive	567	0	567	188	101	71	207	0	0	0	0	343	17	207
torch.unsqueeze	618	0	618	201	117	97	203	0	0	0	0	377	38	203
torch.use_deterministic_algorithms	484	0	484	95	103	56	230	0	0	0	0	192	62	230
torch.utils.data.BatchSampler	637	0	637	104	213	120	200	0	0	0	0	419	18	200
torch.utils.data.ChainDataset	596	0	596	125	147	123	201	0	0	0	0	339	56	201
torch.utils.data.ConcatDataset	400	0	400	51	86	58	205	0	0	0	0	175	20	205
torch.utils.data.DataLoader	370	0	370	6	133	28	203	0	0	0	0	147	20	203
torch.utils.data.Dataset	988	0	988	31	544	211	202	0	0	0	0	667	119	202
torch.utils.data.RandomSampler	507	0	507	58	145	97	207	0	0	0	0	294	6	207
torch.utils.data.SequentialSampler	482	0	482	71	101	95	215	0	0	0	0	249	18	215
torch.utils.data.Subset	442	0	442	40	100	86	216	0	0	0	0	210	16	216
torch.utils.data.SubsetRandomSampler	513	0	513	40	211	62	200	0	0	0	0	309	4	200
torch.utils.data.TensorDataset	443	0	443	42	124	75	202	0	0	0	0	225	16	202
torch.utils.data.WeightedRandomSampler	1327	0	1327	223	605	287	208	0	0	4	0	1071	48	208
torch.utils.data.distributed.DistributedSampler	513	0	513	63	84	213	153	0	0	0	0	343	17	153
torch.utils.data.get_worker_info	709	0	709	47	330	131	201	0	0	0	0	409	99	201
torch.utils.data.random_split	742	0	742	176	81	283	202	0	0	0	0	523	17	202
torch.utils.dlpack.from_dlpack	463	0	463	101	79	77	206	0	0	0	0	243	14	206
torch.utils.dlpack.to_dlpack	668	0	668	70	229	164	205	0	0	0	0	447	16	205
torch.vander	422	0	422	131	43	48	200	0	0	0	0	187	35	200
torch.var	518	0	518	123	89	106	200	0	0	0	0	226	92	200
torch.var_mean	581	0	581	82	171	121	207	0	0	0	0	309	65	207
torch.vdot	419	0	419	88	39	87	205	0	0	0	0	186	28	205
torch.view_as_complex	1073	0	1073	345	239	281	208	0	0	0	0	797	68	208
torch.view_as_real	404	0	404	119	50	30	205	0	0	0	0	187	12	205
torch.vsplit	416	0	416	82	59	74	201	0	0	0	0	187	28	201
torch.vstack	513	0	513	139	51	117	206	0	0	0	0	225	82	206
torch.where	546	0	546	88	183	59	216	0	0	0	0	292	38	216
torch.xlogy	457	0	457	105	37	104	211	0	0	0	0	204	42	211
torch.zeros	369	0	369	52	55	50	212	0	0	0	0	131	26	212
torch.zeros_like	272	0	272	22	35	11	204	0	0	0	0	60	8	204
